musicbrainz_id,case_artist,mb_artist,case_title,mb_title,case_role,case_status,case_id,correct_match
8519fb07-36f8-48a8-909d-0a19e1258130,Snowblind,Snowblind,Rockstar,Lost in Dreams,complainer,,347,0
7b4a20cb-3aa6-47bb-bbe0-e9f1341ddec3,Nickelback,Nickelback,Rockstar,Rockstar,defendant,,347,1
a51fd90b-f80d-4a14-bd81-3ec61642a6bd,Greg Perry,Greg Perry,Come On Down,Come on Down,complainer,,346,1
7ef44b5d-86a7-4d3f-b91e-c83479dc517c,Roddy Ricch,Roddy Ricch,The Box,The Box,defendant,,346,1
0d11433a-6d42-410e-a913-622652a6b678,Duvall Chamberlain,Chamberlain,In That Mood,That Was the Best,complainer,,345,0
c4037fea-5682-4a37-a56d-7e598221160a,Isis Naija Gaston a/k/a Ice Spice,Ice Spice,In Ha Mood,In Ha Mood,defendant,,345,1
de4785b6-85bd-4e9b-a8c2-59fc8611c9f8,"Concord Music, Universal Music Group and ABKCO Music",Kichwa's Native Music,,Qapaq Ñan,complainer,,344,0
645ee6d1-befa-4382-8715-1682f1b3766e,Anthropic PBC,PBC,,Macro-Mutos,defendant,,344,0
cb087dcf-d088-44e7-be10-ef35582802d7,Obrafour,Larry Achiampong,Oye Ohene,OHENE,complainer,,343,0
6215f3e0-2003-4852-9512-483d2560ee3e,Drake,Drake,Calling My Name,Calling My Name,defendant,,343,1
bfb4f673-c2f6-4a7f-bcee-28544cdb4f23,"Patrick Simmons p/k/a ""Havyn""",Patrick Cowley,Somebody Tonight,Somebody To Love Tonight,complainer,,342,0
cf914f88-ac11-4202-9c38-a65053110177,"Zayn Malik p/k/a ""Zayn""",ZAYN,Better,Better,defendant,,342,1
b778eec5-8269-4542-8a92-628ec7e9f250,"Andy Stone, AKA Vinnie Vance",Doug Stone,All I Want for Christmas is You,All I Want For Christmas Is You,complainer,,341,0
a6fab057-cf3a-4456-950e-d3edaf219326,Mariah Carey,Mariah Carey,All I Want for Christmas is You,All I Want for Christmas Is You,defendant,,341,1
9f5e394c-3d65-434c-b356-e31a0f138c9d,Rick Astley,Walt Ribeiro,Never Gonna Give You Up,Rick Astley 'Never Gonna Give You Up',complainer,,340,0
a6b174f1-20f3-449d-b973-716ac4f66bc5,Yung Gravy,Yung Gravy,Betty (Get Money),Betty (Get Money),defendant,,340,1
07a4a98a-b6b2-4dab-967d-3469e5d46ec1,Sofi Tukker,"Sofi Tukker ft. NERVO, The Knocks & Alisa Ueno",Best Friend,Best Friend (Sofi Tukker Carnival remix),complainer,,339,0
c1c9571a-39f1-4c11-92e2-21439399f44b,Evenflo,Warne Marsh,Ad Background Music,Background Music,defendant,,339,
52a908d9-cc78-48e8-bedd-28dbd435e709,"Jordan Vincent, Christopher Miranda",Clear Static,Dancing with Strangers,Dancing With Strangers,complainer,,338,
aa243e48-c9f6-4753-8b42-b2342bb8988b,"Sam Smith, Normani",Sam Smith & Normani,Dancing with a Stranger,Dancing With a Stranger,defendant,,338,
8c76570b-e5a4-4082-82e0-f7e36735a0bb,Daniel Grigson,Daniel Isen,That Girl,That Girl,complainer,,337,
15cc1beb-4c35-4c4b-85ef-3df5410d4e37,Kristen Anderson Lopez,Kristen Anderson‐Lopez & Robert Lopez,Some Things Never Change,Some Things Never Change,defendant,,337,
2179f64c-38ed-4bd8-9e59-97c3fd5a9229,Yolanda Patrick,Yolanda Kondonassis,I Do What I Want,Do You Hear What I Hear,complainer,,336,
9f9f6ffe-2034-4544-bc9d-7639837f259d,April Louise Poree,Trankil Trankil,,NAN NAN NAN NAN NAN NAN (INTERLUDE),defendant,,336,
aa2ea79a-fe14-469b-9462-2a5d52e4d68c,Bishop David Paul Moten,Prince Paul,Unspecified Sermon,Sermon,complainer,,335,
a1b15e3e-b48c-4300-a663-19ce8cc777f0,Kanye West,Kanye West,Come to Life,Come to Life,defendant,,335,
2272246f-213d-4850-b62c-edb56c4bd432,"Lawrence Parker, Scott Sterling",Scott La Rock & KRS‐One,South Bronx,South Bronx,complainer,,334,
6462983d-d6e2-4dae-a89b-2f3f327c1110,Kanye West,Kanye West,Life of the Party,Life of The Party,defendant,,334,
6d964e47-d625-4600-aa68-b43d7c7f7a05,"Russell Brown, Sandy Linzer",Cory Daye,Wiggle and Giggle All Night,Wiggle and Giggle All Night,complainer,,333,
7d5ffcfb-cac2-4b44-92de-8571e6987bc3,Dua Lipa,Dua Lipa,Levitating,Levitating,defendant,,333,
6955b9da-3964-4d5e-a138-89cf6866055e,"Darwin Quinn, Mitchelle'l Sium,",Fedde Le Grand,Back N Forth,Back N' Forth,complainer,,332,
2bee176a-d7f7-4cb4-92f9-92e739eb6394,"Roland Powell p/k/a Lil' Duvall, Rich Broke Entertainment, LLC",Lil B,Living My Best Life,Living My Life,defendant,,332,
25c761ea-836e-4bdc-aa1c-903ee8a7dd35,Artikel Sound,Jason Bajada,Live Your Life,The Sound Your Life Makes,complainer,,331,
b185085c-e7e1-45e0-b347-b82ebaaae992,Dua Lipa,Dua Lipa,Levitating,Levitating,defendant,,331,
ee693db7-4e2e-4ec7-be35-f35d66b52264,G-Money,A. G. Cook,Shawty So Cold,So Cold,complainer,,330,
dd6cc9b3-ece9-499c-b6ab-2074566dca3c,J. Cole; Bryson Tiller,Bryson Tiller,Deja Vu; Exchange,Exchange,defendant,,330,
932ae478-4ec9-42e9-bd61-bd2105e63166,Marshall Jefferson,Marshall Jefferson,Move Your Body,Move Your Body,complainer,,329,
98fd291d-b518-4069-81f5-ce818f28eada,Kanye West,Kanye West,Flowers,Flowers,defendant,,329,
9913313f-c401-4e61-9dcc-e878a2b8af19,"AOM Music, Inc.",Fuerza Bruta,Playero Works,Playero,complainer,,328,
99dd231e-6890-44b3-b3b9-13d4a2d35e99,Benito Antonio Martínez Ocasio p/k/a Bad Bunny,"Bad Bunny, Jowell & Randy & Ñengo Flow",Safaera,Safaera,defendant,,328,
d4ace1ba-b12f-4b70-8693-4a8ea78b9cf4,Cleveland Browne & Wycliffe Johnson,Steely & Clevie,Fish Market,Fish Market,complainer,,327,
ee5d41ce-93a7-456f-b33a-23cdd40a64ad,Luis Fonsi,Luis Fonsi,Despacito,Despacito,defendant,,327,
643691d0-9ea7-4136-a9b5-10bf77efb4f4,Jóhann Helgason,Jóhann Helgason,Söknuður,Söknuður,complainer,,326,
211ac6a7-e851-4667-b349-1d7a7c1016e6,Rolf Løvland,Rolf Løvland & John Lenehan,You Raised Me Up,You Raise Me Up,defendant,,326,
dda414b3-81c3-44c7-bea8-2eaa44d1dbcb,Gutta,kixnna,When U Think About It,when i think about u,complainer,,325,
7141cb40-c08c-4293-8ce4-52cb9e37f72c,Future,Future,When I Think About It,WHEN I THINK ABOUT IT,defendant,,325,
9bba37b3-d10c-4d87-8bf7-f4c324ba8bfd,Cameron Cates,Cameron Hansen & Bethany Hansen,She Loves Her Job,She Loves Me (She Loves Me),complainer,,324,
8f0e90f4-5cac-491a-8bb0-04b6ec96efd0,"Shlemovitz, et al.",Jack Ü feat. 2 Chainz,FeBreze Tagline,Febreze,defendant,,324,
20ae2657-dee9-46cf-af69-0d1eb8b34afa,Mr. Cooper,Nathan Halpern,I Love Your Dress,I Love Your Dress,complainer,,323,
73fa99d7-300f-4779-9156-c683f7df82d1,Chris Brown & Drake,Chris Brown & Drake,No Guidance,No Guidance,defendant,,323,
0424c896-91aa-41f4-89a9-ffc1d46a9923,Emelike Nwosuocha,Market Price,Made in America,Made in America,complainer,,322,
b664676b-aedd-4f1a-8a8b-564903e93b9f,Donald Glover,Donald Glover,This Is America,This Is Gonna Be Gross,defendant,,322,
61b3d5fa-19e0-4e4f-9610-df87438b3fd5,Barbara Norwood,Barbara Manning,Martian,Martian Man,complainer,,321,
4eae8920-01e6-471f-84ea-bc832d6143f7,Offset,Offset feat. J. Cole,How Did I Get Here ft. J. Cole,How Did I Get Here,defendant,,321,
5f0ff901-922e-44ce-832e-7d126eaa9f14,Marvin Gaye,Marvin Gaye,Let's Get It On,Let’s Get It On,complainer,,320,
226dad1c-24f5-4166-8e36-9b8321e204f2,Ed Sheeran,Ed Sheeran,Thinking Out Loud,Thinking Out Loud,defendant,,320,
b68b5c7e-acf6-4321-84d6-cc05d245f660,Sam Chokri,Bomb the Music Industry!,Oh Why,"Why, Oh Why, Oh Why (Oh Oh Oh Oh)",complainer,,319,
c664a576-f0e5-4725-8d52-05ecfe4822d8,Ed Sheeran,Ed Sheeran,Shape of You,Shape of You,defendant,,319,
e4e2f5c6-8491-4b0c-94ba-342e5cd2ef0c,Josh Stone,Stevie Stone feat. Krizz Kaliko,"You Need It, I Got It",I Got It,complainer,,318,
83aeafac-4d6e-486d-8cd8-d1ec531827b2,Ariana Grande,Ariana Grande,7 Rings,7 rings,defendant,,318,
9f9f6ffe-2034-4544-bc9d-7639837f259d,Terrance Hayes,Trankil Trankil,,NAN NAN NAN NAN NAN NAN (INTERLUDE),complainer,,317,
523c7a2f-130d-4e1a-b7d9-bf1bb082484b,Kendrick Lamar,Kendrick Lamar feat. Rihanna,Loyalty,LOYALTY.,defendant,,317,
e21a668e-e366-49c3-9957-2bde61fe5f8c,"Curtis James Jackson (""50 Cent"")",50 Cent,In Da Club,In da Club,complainer,,316,
d3a6040b-ca11-48df-ad00-fd8b867f6de0,"William Leonard Roberts II (""Rick Ross"")",Rick Roberts,Renzel Remixes,In a Dream,defendant,,316,
fed8651b-965b-4541-b18d-251997f709ce,,Wayra Nan,,Qapaq Nan,complainer,,315,
59ed6059-0dcc-4e07-958f-a0626495c1ca,The Carters,THE CARTERS,Black Effect,BLACK EFFECT,defendant,,315,
7916bb0f-fd92-4754-a2af-13a4082bd591,Toni Basil,Toni Basil,Mickey,Mickey,complainer,,314,
2c3915c0-6d3e-46b6-96ba-03b0098f781f,,Nan Elmoth,,Nan Elmoth,defendant,,314,
99925beb-7218-4d96-85a3-2ed11724eb87,Darell Jackson,Alan Jackson,Side Show,Alan Jackson Show Promo,complainer,,313,
00529fe7-a54e-479a-98e2-9966755d5294,"Apple, Inc., et al.",Apple Inc.,,Marimba,defendant,,313,
5f0ff901-922e-44ce-832e-7d126eaa9f14,Marvin Gaye,Marvin Gaye,Let's Get It On,Let’s Get It On,complainer,,312,
c8133db7-f5ee-429d-90dd-586ad40b07e8,"Amy Wadge, Ed Sheeran",Amy Wadge,Thinking Out Loud,Thinking Out Loud,defendant,,312,
c4ed56e0-c303-4a2f-8188-9ed740c40565,"Seth Gordon (""Yung Gordon"")",Dexter Gordon,Yung Gordon Intro,Intro by Dexter Gordon,complainer,,311,
443a799f-5a5a-4d83-b95e-4e9cc4a5eea5,"Brytavious Chambers (“Tay Keith”);
Daniel Hernandez (“Takashi 6ix9ine”)",6ix9ine feat. Bobby Shmurda,Stoopid,STOOPID,defendant,,311,
c86d1c16-d3f0-47fb-a202-ac22f955f29a,Tyler Armes,Tyler Daley,Circles,Small Circles,complainer,,310,
c7e67da3-893b-4b6b-8e2c-5e5492d45029,"Austin Post (aka ""Post Malone"")",Post Malone,,Magic,defendant,,310,
eadeab4c-8fdf-499a-a0ab-e4bc3776cef7,"Marcus Gray, et al.",Carlton Pearson,Joyful Noise,Joyful Noise,complainer,,309,
29559be7-bfa6-4b38-8f42-fedf2c96d915,"Katy Perry, et al.",Katy Perry,Dark Horse,Dark Horse,defendant,,309,
65be9110-6419-49b2-a535-b4ae1cba45e2,Randy Wolfe,Pie Conijn,Taurus,Taurus: Taurus IV,complainer,,308,
ef11d1fd-e5b6-48cc-95e6-c769906de1d0,Jimmy Page,Jimmy Page,Stairway to Heaven,Stairway to Heaven,defendant,,308,
6ecfc8cc-8e77-424c-b1a6-816dd74e58ab,"Yeasayer, LLC",Yeasayer,Sunrise,Sunrise,complainer,,307,
84ffbc06-6c9d-4ff9-8d5d-a895b84a086e,Abel Makkonen Tesfaye (“The Weeknd”); Kendrick Lamar Duckworth,The Weeknd & Kendrick Lamar,Pray for Me,Pray for Me,defendant,,307,
cb69b3b6-66a2-4291-84c4-08dc92a2ac7b,Jimmy Smith,Jimmy Smith,Jimmy Smith Rap,Jimmy Smith Rap,complainer,,306,
14d84df1-2353-4682-930f-e9e6c1e97aaa,"Aubrey Drake Graham aka ""Drake""","Drake, JAY‐Z",Pound Cake,Pound Cake,defendant,,306,
cdb2e4e4-3bd3-45ff-a2f5-6b53f3fdc933,Dada Kondke,Asha Bhosle,Var Dhagala Lagli Kal,Lagli Lagli Kaisi Hichki,complainer,,305,
8a2b936e-494f-4192-bd2b-5bea7bf49ac9,"Meet Bros, et al.","Jyotica Tangri, Mika Singh & Meet Bros Anjjan",Dhagala Lagali Kala,Dhagala Lagali,defendant,,305,
1e88ada8-7fea-49d0-9e21-0413485fc694,"Melissa Jefferson (""Lizzo"")",Lizzo,Truth Hurts,Truth Hurts,complainer,,304,
40285bd0-4c0a-4319-8c75-5c2224aa9707,Justin Raisen; Jeremiah Raisen,Jeremiah Saint,Healthy (Demo),Burden (demo),defendant,,304,
e76232ef-1eaf-492b-a89e-fa88424544b5,Ernie Hines,Ernie Hines,Help Me Put Out The Flame (In My Heart),Help Me Put Out the Flames (In My Heart),complainer,,303,
cfcea41d-3e0d-4e98-be5f-f2d3320258c2,Jay-Z; Timbaland,JAY‐Z,Paper Chase; Toe 2 Toe,Paper Chase,defendant,,303,
f4bd30e8-e7a8-4ff6-9998-4bbbe25b5435,Eddie Lee Richardson aka Hotwire the Producer,DJ Mystik,*Hood* Pushin’ Weight,Pushin' Weight,complainer,,302,
9dd0edab-4c1f-419b-bc7f-ee9ad60cea79,"Karim Kharbouch aka French Montana;
Excuse My French",French Montana,Ain’t Worried About Nothin,Ain’t Worried About Nothin,defendant,,302,
112a7502-e8c8-44f3-bc4f-f7c6576696d0,Paul Batiste,Paul Deslauriers,Hip Jazz; World of Blues; Salsa 4 Elise; I Got the Rhythm On,Blues Got the World...,complainer,,301,
1631b4ff-3c63-4f08-999c-d6c5e572eb71,"Ryan Lewis; Ben Haggerty (""Macklemore"")",Macklemore & Ryan Lewis,Thrift Shop; Neon Cathedral,Thrift Shop,defendant,,301,
6d57786b-e6ba-4daa-8305-c9aa2c8252db,Sharon Stone,Sharon Stone,,T’Was the Night Before Christmas,complainer,,300,
9a7084c5-d942-4163-95ca-d7024debd918,Chelsea Dudley a/k/a/ Chanel West Coast,Once a Month,Sharon Stoned,Sharon,defendant,,300,
e549ae43-7d08-459b-833d-ddaf9da8c170,"Leander C. Pickett (""M.O.S."")",Ace Hood,Walk It Like I Talk It,Walk It Like I Talk It,complainer,,299,
aa5119ed-90be-4026-93a0-fc4919156637,"Migos Touring, Inc. (""Migos""), et al.",Migos feat. Drake,Walk It Talk IT,Walk It Talk It,defendant,,299,
a80f12b1-ed50-4f2c-9a65-c6c3d06b17ea,Nazim Guity,La Rondalla de Saltillo,Eres Mia,Eres mía,complainer,,298,
bfb025c7-b0f1-45db-94a2-cdbced640376,Anthony Santos,Romeo Santos,Eres Mia,Eres mía,defendant,,298,
ab70e698-d7df-4653-945c-5a5f83c56152,"Tamita Brown, et al.",Forests,Fish Sticks n' Tater Tots (song),Tater Tots,complainer,,297,
18a9340a-4c38-4f9b-bd4c-ff02163fcb2e,"Netflix, et al.",Netflix,Burlesque: Heart of the Glitter Tribe (film),(Banner) Netflix,defendant,,297,
21f5c52b-2d48-4a44-b6fa-c82bf3dcd06a,"Ryan Key, et al. (""Yellowcard"")",Yellowcard,Holly Wood Died,Holly Wood Died,complainer,,296,
a02b3367-a1fe-4431-9487-a7b2aca54732,"Jared A. Higgins (""Juice WRLD""), et al.",Juice WRLD,Lucid Dreams,Lucid Dreams,defendant,,296,
ad7699dc-570f-4882-ac78-0ff0c405a61c,Jesse Graham,Seckond Chaynce,Haters gone Hate,Haters Gone Hate,complainer,,295,
5bd380c7-96fc-4de9-99e3-44ce6159de5d,Taylor Swift,Taylor Swift,Shake it Off,Shake It Off,defendant,,295,
2c1d1b9f-cf45-4824-8e9e-41ed2f8503a0,Mark Halper,Dominoe,Don't Throw Our Love Away,Don't Throw Our Love Away,complainer,,294,
83741a84-b1a8-47a6-8fd2-e74ff4fb0e57,"Sam Smith, et al.",Sam Smith,Stay With Me,Stay With Me,defendant,,294,
6cec9d3c-fd0f-407a-9e4b-e512e12fa3ca,Zachry Brown,Zac Brown,Nowhere Left to Go,Nowhere Left To Go,complainer,,293,
dc3aef39-1ffb-497d-a202-461ea4ce9cee,Ryan Tedder,Ryan Tedder,,I've Gotta Be Me,defendant,,293,
c235dd92-9565-4667-a942-f3d93a60d670,"Brandon Lee (""Don Lee"") & Glen Demeritt",Don Lee,gwenXdonlee4-142,Do Your Dub Thing,complainer,,292,
0a908fbe-f70c-4ea0-9470-36feaf142960,"Montero Lamar Hill (""Lil Nas X""), et al.",Nas x Nas,Rodeo,Rodeo,defendant,,292,
4cf030e7-a0a6-4717-9d08-d591da639df7,"Samuel Nicholas III (""Sam Scully"")",Tommy Wright III,Roll Call (Instrumental),Roll Call,complainer,,291,
09ce15f1-ea34-450e-8e6a-9232d8798efa,"Adam J. Pigott (""BlaqNmilD""); Aubrey Drake Graham (""Drake"")",Drake,That beat; In my feelings; Nice for what,Nice for What,defendant,,291,
e1802380-839c-43d0-9a17-3eeca183fe63,Esmeralda Lucy Rodriguez,Bobby Pulido,Pediré,Le pediré,complainer,,290,
fee365e1-83e7-4490-bbfe-acac6bace0a7,"Eric Avalos, Courtney Rico, Chavalos Music, Inc.",Bobby Pulido,Pediré,Le pediré,defendant,,290,
d3a07e17-5004-4b05-a2b7-e6baf9553cda,Mimi Korman,Tamara,Me Olvide de Vivir,Me olvidé de vivir,complainer,,289,
ec5e693d-462d-4c98-a411-1d03dd2a2e64,Julio Iglesias,Julio Iglesias,Me Olvide de Vivir,Me Olvide De Vivir,defendant,,289,
216f7b25-40a3-4fd9-85b9-0e6424e68df4,Kraftwerk,Kraftwerk,Metall auf Metall,Metall auf Metall,complainer,,288,
162c89a7-72cd-4d46-9dd5-10aef7c7a9e0,Sabrina Setlur,Sabrina Setlur,Nur mir,Nur mir,defendant,,288,
f7284679-1a24-421f-a90d-59b76cffd3fc,Song-A-Tron Music,Recollect,Back it Up,Must Be Music (Heat It Up Mix),complainer,,287,
9570951b-a6cb-4039-bcf1-87df9a31c91a,"Christian Jones (""TeeFLii"")",Teeflii feat. 2 Chainz,24 Hours,24 Hours,defendant,,287,
c70319ce-c4a9-4ed6-b6cb-7cdb6bdda632,"William Smith, Brian Clover, Scott McCulloch",William Scott,I Need to Love,I Cant Wait to Love You,complainer,,286,
34c6b135-f967-4a11-bcbc-68f8125bcda8,Abel M. Tesfaye (“The Weeknd”),The Weeknd,A Lonely Night,A Lonely Night,defendant,,286,
03f5cc68-de62-4735-9603-01252388895e,Alice T. Johnson and N.G (minor child),Destiny’s Child,Video Recording of child praying,Destiny’s Child Interview (video),complainer,,285,
6c1556d3-d555-46fc-89bf-57f564b7f84a,Kanye West,Kanye West,Ultralight Beam,Ultralight Beam,defendant,,285,
53927cc4-1deb-4017-90d4-939cd0c3d6ad,The Rolling Stones,Tymon & the Transistors (gościnnie Wojciech Waglewski),The Last Time,The Last Time (Rolling Stones),complainer,,284,
6552ca06-46de-453f-803a-09dd9688d788,The Verve,The Verve,Bittersweet Symphony,Bittersweet Symphony,defendant,,284,
9190bb3b-7390-42f3-8d5e-003edd783c81,"Marshall Mathers, et al.",House of Brothers,Lose Yourself,Lose Yourself,complainer,,283,
d129508b-1c3d-4c58-b366-6e702e47a26a,Michael Cohen,Diamonds & Dynamite,Eminem Esque,Esque,defendant,,283,
821a2c61-f248-425d-9a5e-6127cafd077a,Harumaki Gohan,gohan,Hachigatsu no Rainy [August Rainy],AUGUST,complainer,,282,
d2f58375-963c-4897-a56d-b38098185f45,Yamato Mori,Mori Calliope,M.A.K.E.,Make ’Em Afraid,defendant,,282,
4b923629-44ef-474a-9f13-9bdc04cec17f,Stahlgewitter,Stahlgewitter,Auftrag Deutsches Reich,Auftrag Deutsches Reich,complainer,,281,
c93e56a6-7390-49df-b3af-94d3a9453737,Frei.Wild,Frei.Wild,"Schenkt uns Dummheit, kein Niveau","Schenkt uns Dummheit, kein Niveau",defendant,,281,
73665d52-90da-4a45-91b2-3579e5c61ded,Richard Morrill,Panic Shack,Who's Got My Lightah (1996) / Who's Got My Lighter (2009),Who's Got My Lighter?,complainer,,280,
a6dd4f80-48dd-4ac0-9088-574b94368521,Gwen Stefani & Pharrell Williams,Gwen Stefani,Spark the Fire,Spark the Fire,defendant,,280,
442af265-a81e-4d04-9b3a-aada52739d67,Benny Mardones & Robert Tepper,Benny Mardones,Into the Night,Into the Night,complainer,,279,
5afa90d0-63f7-4ce1-8fe9-1ece1d221ff5,Cyndi Lauper,Cyndi Lauper,Raise You Up,RAISE YOU UP/JUST BE ～上げたげる/ただなりなさい～,defendant,,279,
88eb41b8-f6bb-4d29-a231-84b473a8446e,"Dan Tramon, Diana Belkowski, and Carl Anthony Tramon",Tommy & Bobby,Rocket Boys Musical,Musical Rocket,complainer,,278,
af83d1fa-9358-4309-a508-01b9d62ad791,"Marriott International, Inc, and Universal Pictures",Joy Circuit & Sonata,October Sky Musical,October Sky,defendant,,278,
be3adf4b-7f7c-436e-9a34-ff295c72178b,Tracy Chapman,Tracy Chapman,Baby Can I Hold You,Baby Can I Hold You,complainer,,277,
3bbd9889-d778-4d81-98fc-5a048b7c8a48,Nicki Minaj ft. Nas,Nicki Minaj & Meek Mill,Sorry,Im so Sorry,defendant,,277,
16e5f706-01c3-4858-9972-960e76bb624a,Jamie Ciero,Pez,Volar,Volar volar volar,complainer,,276,
02010814-a011-44a9-9fac-57bb0142061d,Disney,[Disney],Let It Go,Let It Go,defendant,,276,
b03da246-2566-471f-be87-79c5643e43c2,Neomi Del Rio,Rio Rio,Flight Safety Video,Last Flight,complainer,,275,
9f9f6ffe-2034-4544-bc9d-7639837f259d,Virgin America,Trankil Trankil,,NAN NAN NAN NAN NAN NAN (INTERLUDE),defendant,,275,
4ca6c319-ce40-4651-b1bf-0c0e7f7a8aef,"Sean Carey, Beau Golden, Jasmine Rae",Jasmine Rae,When I Found You,When I Found You,complainer,,274,
9bb377e2-0546-4e12-bb25-4eb98f122a8e,Edward Sheeran,Jason Derulo,The Rest of Our Life,Rest of Our Life,defendant,,274,
bc37d1bb-9d1f-4d4f-92de-020a41897284,Drayter [Band],Alex Dezen,Best I Had,I Had a Band,complainer,,273,
6423a215-5376-492f-9aab-79f3e98330ac,Chick-Fil-A Advertising Agency,Chick-fil-A,Ads Aired on ESPN,Introduction,defendant,,273,
3b718590-3fc0-4ebb-b26b-63bb52f8e7c5,Michael May,Diamond D,We Run Things,We Run Things,complainer,,272,
98d2d234-6448-4350-9c52-f7343641dee5,Miley Ray Cyrus,Miley Cyrus,We Can't Stop,We Can't Stop,defendant,,272,
e6b4c37d-d08a-4cfa-9b9c-c3542202e4b8,Herman Weems,Dee Edwards,Why Can't There Be Love,Why Can't There Be Love,complainer,,271,
87a5075a-c683-4801-9f6a-e09e2e4b7d19,Tyler Okonma,"Tyler, the Creator",Deathcamp,DEATHCAMP,defendant,,271,
1f79211d-4450-42f4-9edd-e3f7f50f2eb7,Marvin Gaye,Marvin Gaye,Got to Give it Up,"Got to Give It Up, Part 1 (Gigamesh edit)",complainer,,270,
ae08a02a-33e3-4012-9b0c-30b473caf904,"Robin Thicke, Pharrell Williams",Robin Thicke ft. Pharrell Williams,Blurred Lines,Blurred Lines,defendant,,270,
e61a14c2-abc7-408c-ab16-11ebf8e17c13,Baligh Hamdi,Abdel Halim Hafez,"Khosara, Khosara",Khosara Khosara,complainer,,269,
b36511e7-6889-44cc-a4dd-6d2a21d5a183,"Jay Z, et al.",Jay‐Z,Big Pimpin',Big Pimpin',defendant,,269,
1d8058f0-742c-424d-ac3e-dc2283cb5e1c,Luis Cortes-Ramos,Guest,World Cup Song Contest Entry,November Contest Entry,complainer,,268,
68acb06e-7c05-4675-ae10-ae86f3e18a5a,Ricky Martin,Ricky Martin,Vida,Vida (Predikador remix),defendant,,268,
0774920a-7dca-41f3-948d-5ea5fa47d3e2,"John Wilson, Charles Still, Terrance Stubbs",Reuben Wilson,Sho' Nuff,Sho-Nuff Mellow,complainer,,267,
f5e1513e-945b-4ee3-bf21-c6e88738b11a,Justin Timberlake,Justin Timberlake,Suit & Tie,Suit & Tie,defendant,,267,
438f3866-9105-4568-b6e9-2ab656bb599c,Abiodun Oyewole,Abiodun Oyewole,When the Revolution Comes,When the Revolution Comes,complainer,,266,
d6f3b180-1dc1-427d-9fb7-53b9cfaf2ade,Rita Ora; Christopher Wallace; Marshall Mathers & Trevor Smith,Rita Ora,How We do Party; Party and Bullshit; Calm Down,How We Do (Party),defendant,,266,
5ec01414-8d59-4dfc-aae1-4cbd88a81c9d,Paul Rose,Kim Larsen,Nae Slappin',"Næ, næ, næ",complainer,,265,
19ab39f4-8716-455a-8c48-23228d39824c,"Paul Hewson, aka “Bono”, et al.",Bono,The Fly,"II, Chapter 21: The Fly",defendant,,265,
c2d6a51e-aae1-4d13-93b7-c55e3fd986eb,The Sequence,The Sequence,Funk You Up,Funk You Up,complainer,,264,
95b023d1-8484-48e3-91b0-76d51a5a9a45,Bruno Mars & Mark Ronson,Mark Ronson Feat. Bruno Mars,Uptown Funk,Uptown Funk,defendant,,264,
ae51e807-3153-4962-b25d-e456e8b4637b,Kishore Kumar & Asha Bhosle,Kishore Kumar & Asha Bhosle,Kehdoon Tumhe,Kehdoon Tumhen,complainer,,263,
c7dec366-8bba-443d-a7f3-dbf1dcb28253,Jumin Nautiyal & Neeti Mohan,Jubin Nautiyal & Neeti Mohan,Socha Hai (Kehdoon Tumhe Remix,Socha Hai,defendant,,263,
c25ef736-5a8e-4ae2-af4f-6114fb7dbddc,Joel Bosh,Sociedad '76 & Johnny Zamot,Yo Soy Boricua,Yo soy boricua,complainer,,262,
cf7c414b-3194-4882-9e48-e0b8e3bc18be,"Univision Communications, Inc.",The Studio Sound Ensemble,Advertisement for Spanish language Sesame Street,Sesame Street: Sesame Street Fever,defendant,,262,
aa43a741-72a2-4604-b991-d906d7e944e7,"Fredley Saurel [aka “Freddy GZ”], et al.",Waka Flocka Flame,Turn Down for What?,Turn Down for What,complainer,,261,
31890d25-27f9-4d72-9190-90fd39687a92,"Jonathan Smith [aka Lil’ Jon”], et al.",DJ Snake & Lil Jon,Turn Down for What?,Turn Down for What,defendant,,261,
bfea7879-a183-40c9-a3cc-d253e3aae188,Anthony Barre aka “Messy Mya”,Messy Marv,Booking the Hoes from New Wildings; A 27 Piece Huh?,Hoes Ain't Shit,complainer,,260,
294a9985-16c6-4d62-b05a-acfbbfc28b08,Beyoncé Knowles Carter,Beyoncé Knowles‐Carter,Formation,war (nala interlude),defendant,,260,
71045f67-7aa5-4bcb-be5a-f91a13629965,Sean Hall,3LW,Playas Gon’ Play,Playas Gon’ Play,complainer,,259,
5bd380c7-96fc-4de9-99e3-44ce6159de5d,Taylor Swift,Taylor Swift,Shake It Off,Shake It Off,defendant,,259,
8f1bab81-32d4-48a1-b344-b3674b634462,"Jon Dunmore, Mike Molina",Roky Erickson,[I’d do] Anything for You,For You (I'd Do Anything),complainer,,258,
70263638-74a1-4f45-a81e-5e2ff17d228d,James Steinman,Unicante,I’d do Anything for Love,I'd Do Anything for Love,defendant,,258,
b7e94e8f-d933-49d9-9259-46e9d4082306,Roger Troutman,The Foreign Exchange,More Bounce to the Ounce,Downtime (Nicky Troutman’s Bounce to the Ounce remix),complainer,,257,
cc950aa9-12dc-46b6-bca6-ef2b8e374042,Mark Ronson,Mark Ronson,Uptown Funk,Uptown Funk,defendant,,257,
c0292258-9608-4735-8b5d-2a5083c1ac9c,Abdul Muhammad (Erik Saunders),The Yaga Yagas,Bridge Through Time,Bridge Through Time,complainer,,256,
9a61f155-db18-47c9-8222-db78b1a52bb7,Chancellor Bennett (“Chance Rapper”),Chance The Rapper,Windows,Windows,defendant,,256,
5f5eb5ef-ebf5-4626-9e78-24f3356af2ab,Leroy Mitchell,Prince Phillip Mitchell,Star in the Ghetto,Star in the Ghetto,complainer,,255,
08751be1-ef48-4e51-bb33-8e143ab77caf,"Andre Young( ""Dr. Dre"")",Mac Dre,If It Ain't Ruff,If It Ain't Real,defendant,,255,
f96ab8e5-ddb0-46aa-a79d-5e2ef8bac2ad,"Wiliam Roberts, Andrew Harr, Jermaine Jackson",Harr.,Hustlin,I'm Trying,complainer,,254,
cee40557-37cd-4c9c-a010-d99d40b688ea,"Stefan & Skyler Gordy (""LMFAO"")",LMFAO,Party Rock Anthem,Party Rock Anthem,defendant,,254,
af83c4b4-cafb-4ee2-9937-295f07ecc1b5,Willia Dean Parker & Homer Banks,Homer Banks,Ain't That a Lot of Loving,Aint That a Lot of Love,complainer,,253,
ed1b9085-cc23-46b5-8799-f5608176ff7b,"Mervyn Winwood, et al.",Steve Winwood,Gimmee Some Lovin,Gimme Some Lovin',defendant,,253,
8083e8c3-696c-4539-8ec8-06e842312096,Laurent Feriol,Navet Confit,Les Chansons d’artiste,Les Chansons,complainer,,252,
e29d9817-d14a-49c6-8f84-900392f4d3ac,Calogero Joseph Salvatore Maurici (“Calogero”),Calogero,Si seulement je pouvais lui manquait,Si Seulement Je Pouvais Lui Manquer,defendant,,252,
7e6cbf8a-e56f-4ad6-9467-5fbe809a8df0,Perry Kibble,J.C. Davis,A New Day is Here at Last,A New Day (Is Here at Last),complainer,,251,
d7e32712-77ea-4f31-92e6-4332ab9f117a,"Justin Timberlake, et al.",Justin Timberlake,Damn Girl,Damn Girl,defendant,,251,
eabd7153-f626-4238-8e1f-73e8255dec26,Cirque du Soleil,Cirque du Soleil,Steel Dream,Steel Dream,complainer,,250,
a8195eb3-cd75-4ced-bc91-64423b874836,"Justin Timberlake, et al.",Justin Timberlake,Don't Hold the Wall,Don't Hold the Wall,defendant,,250,
c00ea778-4e2f-4f88-9073-8543da095144,Casey Dienel,Casey Dienel,Ring the Bell,The Coffee Beanery,complainer,,249,
336810fb-be64-487c-a9f7-41db19fc0615,"Julia Michael, Justin Tranter, Justin Bieber, Thomas Pentz, et al.",Justin Bieber,Sorry,Sorry,defendant,,249,
7a44e048-84f4-42a6-9725-f43c6af8b26c,"Jeff Barry, et al.",Al Runyon,Christmas (Baby Please Come Home),Baby Please Come Home,complainer,,248,
a571b3b9-ca78-48ed-addb-67994e479b7f,,Nan Elmoth,,Nan Elmoth,defendant,,248,
2cda952f-08bc-4314-80c5-2fa5da25ff75,Martin Harrington & Thomas Leonard,Leonard Moore,Amazing,Amazing Race,complainer,,247,
336d1687-b709-4c3c-b646-8ea177221069,Ed Sheeran & John McDaid,Ed Sheeran,Photograph,Photograph,defendant,,247,
238b611c-ac6a-40de-ac31-6499089f4471,Alex Greggs,Alex,Takes All Night,All Night,complainer,,246,
1e64f646-49db-42d3-ac15-549fe10f478c,Ariana Grande,Ariana Grande,One Last Time,One Last Time,defendant,,246,
97424337-7a2c-40ac-b9fb-b9aa07a41a39,“Sleigh Bells” [band],Sleigh Bells,Infinity Guitars,Infinity Guitars,complainer,,245,
bbd08db7-951a-4515-9584-fc6700e1a390,Demi Lovato,Demi Lovato,Stars,Stars,defendant,,245,
fcff2e13-22d5-4ae6-ac61-5a70a978b163,Public domain blues number performed by Bo Carter (Chatmon),Bo Carter,"Corrine, Corrina","Corrine, Corrina",complainer,,244,
e10f9b87-b9eb-4dff-bd8b-398bee61f85a,Public domain blues number performed by Eric Clapton,Eric Clapton,"Alberta, Alberta","Alberta, Alberta",defendant,,244,
1f799935-4967-4d46-8855-5935680098c2,Members of  “electro-funk” band Collage,Collage,Young Girls,Young Girls,complainer,,243,
fb924707-203c-401a-b279-4561eda49161,Peter Hernandez (“Bruno Mars”) et al.,Bruno Mars,Uptown Funk,Uptown Funk,defendant,,243,
88f20abc-723d-46b3-91b8-51ce8373ed3e,Members of  the band “X Ambassadors”,X Ambassadors,Jungle,Jungle (The MADE Edit),complainer,,242,
bd83709d-bb8b-4a41-a199-422eb6abb9e2,Cramer-Krasselt advertising agency,Mira,Advertisement for Porsche’s Cayman 718 automobile,Cayman,defendant,,242,
5413c81b-3e2e-41cb-86a9-17db83139d66,"Thomas McElroy, Denzil Delano, Jay King",Club Nouveau,Why You Treat Me So Bad,Why You Treat Me So Bad,complainer,,241,
74a43c29-91c6-4220-af5b-1b57003d494c,"Mikkel Eriksen, et al.",Torun Eriksen,I'm Worth It,Worth Waiting For,defendant,,241,
daed59f0-7844-4265-8763-59238d0a7ab2,"Bill Withers, et al.",Bill Withers,Don't You Want to Stay,Don’t You Want to Stay?,complainer,,240,
d56f85fd-ba44-4474-940f-3afce2306311,"Kendrick Lamar, et al.",Kendrick Lamar feat. Jay Rock,I Do This,I Do This,defendant,,240,
4a97d9a3-e4fb-44dd-9852-4a36e6ba4d2c,Gabor Presser & Anna Adamis,Presser Gábor,Gyongyhaju Lany,Gyöngyhajú lány,complainer,,239,
04ac8cdd-4224-4609-801f-431f659d74c3,Kanye West,Kanye West,New Slaves,New Slaves,defendant,,239,
bc8fcc16-6b50-4e2e-8e0f-854b082f47b1,"Eric  Smith, et al.",Wayne Smith,No Rain,Rain Rain,complainer,,238,
4f46f7b3-4eb2-4365-a28b-0a742ffdf8c4,Amanda Jiroux,Mandy Jiroux,Insane,Insane,defendant,,238,
956e7caf-bc9a-4ee5-b110-50e1b0c172ea,"Joseph Bereal, et al.",Al Et Al,Came to Do,I Want to Fly,complainer,,237,
189abe82-175a-452e-9493-85bf72ec2b0a,"Omari Ishmael Grandberry, aka “Omarion”",Omarion feat. Chris Brown & Tinashe,Post to Be,Post to Be,defendant,,237,
99816e4a-713a-4be6-9888-57dbcee5c29a,Timothy Arnett,Arnett Cobb,Remember Me,Blue Me,complainer,,236,
624d4793-ddc6-4ec9-9857-7e2108bdfd1f,Alan Jackson,Alan Jackson,Remember When,Remember When,defendant,,236,
da3f5dd9-b63b-4e59-aaad-5b8963ea7f8e,Alisa Apps,APPS,Need to Know,Robocop (A Tribute to Kraftwerk),complainer,,235,
810ef547-7174-47a5-98c0-bfd0d1afe246,John Newman,John Newman,Love Me Again,Love Me Again,defendant,,235,
e8fec4fb-b65f-4731-8eba-4779213bfbfa,African-American Spiritual,The Freedom Singers feat. Pete Seeger,We Shall Overcome,We Shall Overcome,complainer,,234,
fed8651b-965b-4541-b18d-251997f709ce,,Wayra Nan,,Qapaq Nan,defendant,,234,
988e9299-f616-4ee4-9074-21552a119d5b,Joel McDonald,Forrest McDonald,Made in America,In America,complainer,,233,
1de4da60-c269-4389-b4c6-5107d9530a55,"Kanye West, et al.",JAY‐Z & Kanye West feat. Frank Ocean,Made in America,Made in America,defendant,,233,
1a89ddc7-1566-4860-b3fb-39061169a3a8,"Vincent Montana, Richard Pettibone",Andrew Vincent,Chicago Bus Stop,Bus Stop,complainer,,232,
b83266b3-5e8c-451b-a855-2257d2081d85,"Madonna Ciccone, Richard Pettibone",Madonna,Vogue,Vogue,defendant,,232,
2dc770ed-c776-48e3-a4b5-edd807495297,Amy Bowen,Buddy Knox & Jimmy Bowen with The Rhythm Orchids,Remind Me,Stick With Me (Jimmy Bowen),complainer,,231,
a4ec2e00-de19-4643-9808-c88dc471dcc3,"Brad Paisley, et al",Carrie Underwood with Brad Paisley,Remind Me,Remind Me,defendant,,231,
e61a14c2-abc7-408c-ab16-11ebf8e17c13,Baligh Hamdi,Abdel Halim Hafez,"Khosara, Khosara",Khosara Khosara,complainer,,230,
8fbb6908-9c78-4011-8dfe-20c3b00b215f,Jay Z et al.,Jay‐Z,Big Pimpin',Big Pimpin',defendant,,230,
7351f457-afb9-47c2-b790-cfe45240881c,Enrico Riccardi and Luigi Albertelli,Little Tony & Bobby Solo,Zingara,Zingara,complainer,,229,
767dc561-b7f1-4d98-bae8-1f517f494040,Francesco De Gregori,Francesco De Gregori,"Prendi questa mano, zingara","Prendi questa mano, zingara",defendant,,229,
b19c3371-5319-4fc3-ac89-c0750d35e6b5,Jose Guzman,Zé Henrique & Gabriel,"Triste Adventura, alternatively known as Cartas de Amor",Cartas de amor,complainer,,228,
1a9e13c1-f500-44a0-8666-e0e867e30ae4,Hacienda Records,Hermanas Mendoza,Cartas de Amor,Cartas de amor,defendant,,228,
bfdb93fa-830e-457a-a4f5-607ed41b1bf6,Jefferson/Jean-François Johnson,Jean-François Groulx,Forever,Forever,complainer,,227,
822ac0de-4d82-4641-89b5-2ce404443d50,Jean-Jacques Goldman,Jean-Jacques Goldman,Aicha,Aïcha (Version Mixte),defendant,,227,
2dfdcbdc-924f-4055-9e41-16d97090326b,Dark Sanctuary,Dark Sanctuary,Les Memoires Blessées,Les Mémoires blessées,complainer,,226,
2c3a1015-3c01-483c-bd15-5c419272aa3b,Bushido,Bushido,Janine,Janine,defendant,,226,
09783e76-bc4b-4b14-9ef7-b638a4457e2a,Richard Friedman,Richard Friedman,To Our Fallen,To Our Fallen,complainer,,225,
774c7174-f4ed-4868-abf9-a8fc9c861846,Hans Zimmer,Hans Zimmer,Music score for “12 Years a Slave”,"Solomon (From ""12 Years a Slave"")",defendant,,225,
e81aa1b5-c328-4b69-b4f3-aa86f750cb0d,Tom Petty and Jeff Lynne,Tom Petty,I Won't Back Down,I Won’t Back Down,complainer,,224,
8d2effe5-7339-4ccd-860f-934920a97e44,Sam Smith,Sam Smith,Stay With Me,Stay With Me (stripped),defendant,,224,
21f9740b-25fb-403a-8512-22008eef00eb,Daniel Marino,Daniel Lindström,,Nån slags verklighet,complainer,,223,
e441e489-f80b-43b6-bc27-a60df4ed2fc3,Usher Raymond,Usher,Bad Girl,Bad Girl,defendant,,223,
fcff2e13-22d5-4ae6-ac61-5a70a978b163,"American folk song, as performed by Bo Carter",Bo Carter,Corrine Corrina,"Corrine, Corrina",complainer,,222,
6f9e790c-30d3-43ba-bc35-33b101c9eb9a,"American folk song, as performed by Rod Stewart",Rod Stewart,Corrina Corrina,Corrina Corrina,defendant,,222,
0e78bc07-6937-4142-80ea-a47b3c368e24,Trouble Funk [band],Trouble Funk,Say What; Drop the Bomb,Drop the Bomb,complainer,,221,
2fb97bc8-9013-48fd-9771-ddfc08f29c55,"Diamond, Horovitz, et al. [Beastie Boys]",Beastie Boys,Shadrach; Car Thief; Hold It,Car Thief,defendant,,221,
cab084b8-fc77-4845-8851-0eeffce51bc7,Devin Copeland,Copeland,Someone to Love,You Love to Sing,complainer,,220,
60b13097-f5e5-4ee8-8933-7dc0f3e6bf92,"Justin Bieber, et al.",Justin Bieber,Someone to Love,Somebody to Love,defendant,,220,
8b1f1146-c4a8-4260-be50-9fcc70bbc979,Lenny Lee Goldsmith,Black Heat,Zimba ku,Zimba Ku,complainer,,219,
12557e45-8acd-4703-aa8c-9fc514af02c6,"Jessica Cornish, et al.",Jessica Cornish,Price Tag,Sexy Silk,defendant,,219,
8fb1c249-b95d-4e2b-bcd5-cc53c3f79cd2,Ahmad Javon Lane,Greg Hatwell & Marc Lane,X.O.X.O.,XOXO (b),complainer,,218,
294a9985-16c6-4d62-b05a-acfbbfc28b08,Beyonce Knowles-Carter,Beyoncé Knowles‐Carter,X.O.,war (nala interlude),defendant,,218,
b2c7545e-c4e4-4a56-ae8e-2876195f27a3,"Klaus Wüsthoff, Hans Günter Wagener",Hans-Günter Wagener,Fanfaren-Blues,The Blue House,complainer,,217,
e1a5984a-d543-4f6a-8c9d-31f2da78cd63,ZDF,ZDF,"""Today"" Jingle","Folge 35: Hochmut kommt vor dem Fall, Part 3",defendant,,217,
81ca7259-f043-49e4-9e26-abb378d0f34a,Paul Batiste,DJ Batiste,I Like Your Way; Blues Man,I Am Your DJ,complainer,,216,
1ed6a94b-529c-4f59-a8da-3dbc01b089ae,Faheem Rasheed Najm (p/k/a T-Pain),T‐Pain,Put It Down; Reggae Nigh,Reggae Night,defendant,,216,
0d73c65c-fcff-48be-8261-1d0a093d27da,Ramon Arias Vasquez,Eddy K & Silvio Mora,Loca con su Tiguere,Loca con su tiguere,complainer,,215,
0d9d15f3-9285-40a0-a6b6-975c9ac8f43e,Eduard Edwin Bello Pou,El Cata,Loca con su Tiguere,Loca con su tiguere,defendant,,215,
2d1b9303-e934-45dc-b11b-79eeefb7808f,Eddie Bo & The Soul Finders,Eddie Bo and The Soul Finders,"Hook & Sling, Pt. I",Hook & Sling,complainer,,214,
8c91a066-41ca-48ee-8528-6ab1069db0e3,"Shawn Carter (""Jay-Z"") et al.",Jay‐Z,Run This Town,Run This Town,defendant,,214,
71a0fa9a-21d3-4ac5-a571-a0363fa5331c,David Pryor,Thunder & Lightning,Bumpin' Bus Stop,Bumpin’ Bus Stop,complainer,,213,
0876f8b3-6a22-4526-bfaf-df35634e4a57,Kanye West,Kanye West,Gold Digger,Gold Digger,defendant,,213,
009bcdcf-b875-4145-b39e-69284c6c5e78,Brian Pringle,Aric Pringle,Take a Drive,"Take One, They're Free",complainer,,212,
ccc01fda-efbd-4b50-afe6-a186aea54ae8,"William Adams, et al.",Al Et Al,I Gotta Feeling,If I…?,defendant,,212,
7ec28014-dbb9-4438-85a4-8684bcb32f9f,Rebecca Francescatti,"Amit Mishra, Debanjali B Joshi",Juda,Juda Juda,complainer,,211,
4b415ffb-b132-4ef2-b57c-65588b4eec32,Stefani Germanotta,Stefani Germanotta,Judas,Brooklyn Nights,defendant,,211,
15b46342-814c-4ce7-bb71-2aa39c32dc9d,Bloodstone,Bloodstone,I'm Doing My Job,I'm Just Doing My Job,complainer,,210,
f682ac73-7798-4de6-a608-3d8820d6ce22,Kanye West,Kanye West,Doin My Job,My Way,defendant,,210,
dc6ef71a-0800-48f2-b93e-5a5c4de27ba8,Usher Raymond,Dominique A,Syl Johnson,Syl,complainer,,209,
e0571b63-c95a-4447-afa6-c600098e5196,Call Me a Mack,Psychedeliasmith,Different Strokes,Different Strokes,defendant,,209,
e64ab9a2-1b7e-4200-8edd-86394dcd97ff,Will Loomis,Will Dailey,Bright Red Chords,Bright,complainer,,208,
12557e45-8acd-4703-aa8c-9fc514af02c6,Jessica Cornish,Jessica Cornish,Domino,Sexy Silk,defendant,,208,
9c78ddd6-ed8e-426c-94fd-31078daddcc7,Guy Hobbs,Pig Destroyer,Natasha,Natasha,complainer,,207,
27a38577-67f7-499c-9c06-e1987e343343,Elton John,Elton John,Nikita,Nikita,defendant,,207,
6e304301-0e31-4b86-a63f-c1fef3575e09,Kevian Haghgoo et al.,Barobax,Soosan Khanoom,Soosan Khanoom,complainer,,206,
3306cb9b-7e42-41f9-a901-af5a023eca21,Pritam Chakraborty,"Mika Singh, Amitabh Bhattacharya, Nakash & Pritam",Pyaar Ki Pungi,Pungi,defendant,,206,
71541a0b-4d52-4fab-a1da-895e50143e83,Lars Erickson,Lars Erickson,Pi Symphony,"Movement I, Pi and e",complainer,,205,
777e1ce6-9277-40a1-91cc-f7edc5cd6596,Michael John Blake,Blake,What Pi Sounds Like,What I Like (Knuckles mix),defendant,,205,
f99809f5-1ed3-461f-a3cb-a121c24d92d8,Daniel Auerbach and Patrick Carney,Rosie Carney,Lonely Boy; Gold on the Ceiling,Ceiling,complainer,,204,
d64f850b-5e87-4f6c-8cd4-85965882fff7,,F. Scott Fitzgerald read by Tim Robbins,Advertisement for Home Depot; Advertisement for Pizza Hut,Advertisement for Caedmon,defendant,,204,
af225861-963f-4aec-8b89-373455bd8e13,Rui Hua Wang,Wang Wei,You and Me,You and Me (The Myth),complainer,,203,
ab21b0dc-4544-4f98-909e-a13e8c4b41e0,Qi Gang Chen,Ziguo Chen,You and Me,You and Me,defendant,,203,
7f587763-468c-4dd5-81ad-547ccdf30002,"Robert Poindexter, et al.",The Persuaders,Thin Line Between Love and Hate,Thin Line Between Love and Hate,complainer,,202,
11202d0e-edc2-4d70-9fc0-d9738d67f91f,EMI Record Group,Dominic Gaudious,Washed Away,Washed Away,defendant,,202,
f5653e27-4b78-439e-ac6b-7bcb76963941,William Keith,Keith Tinman & Jonathan Dunn,Bedrock,Bedrock,complainer,,201,
6797cccc-ee3a-4f27-8df9-239d27049010,"Dwayne Carter, aka Lil Wayne",Lil Wayne feat. Young Money,Bedrock,Bedrock,defendant,,201,
080a6098-559b-47a7-929c-09092c6c1050,Meiru Huang,Tracy Huang,What Is Wrong with Love,I Want to Know What Love Is,complainer,,200,
ba550ecc-1b68-47cf-94d9-650b2703d41d,Xinru Wang,Azmari,Sleeping Beauty,Sleeping Beauty : Sleeping Beauty,defendant,,200,
3141c6cf-e585-4ce1-a8b4-f2b755ab1a73,Vince Peters,Rainbow Room,Stronger,Stronger and Stronger,complainer,,199,
5e56adaa-405c-493d-8fb1-73517d4b17f2,Kanye West,Kanye West,Stronger,Stronger,defendant,,199,
5a7c18b2-dc01-4151-9061-1854e4612f4e,Bruce Lyles,Bruce Springsteen,Without You,Without You (band),complainer,,198,
6338176b-1b32-4561-b610-3ae599653909,David Guetta,David Guetta FeUsher,Without You,Without You (Extended),defendant,,198,
f68ad646-241d-4eda-8a63-6d8fe211ba99,Anthony Stokes,Anthony Weedon,Where are You Now?,Where Are You Now,complainer,,197,
d6dbbb18-84d3-47c3-957e-919af02511ec,John Legend,Lil Wayne,Maxine's Interlude,Living Legend Interlude,defendant,,197,
9f9f6ffe-2034-4544-bc9d-7639837f259d,Stephan Obinger,Trankil Trankil,,NAN NAN NAN NAN NAN NAN (INTERLUDE),complainer,,196,
f37e8e95-6ad2-4e51-89fc-174710d10a12,McDonald's Corporation,Chris McDonald,McDonald's-Jingle,Jingle Bells,defendant,,196,
2de2f6ab-0e75-45c8-b843-729734bb33ff,Marshall Mathers [aka “Eminem”],Peter Mathers,Advertisement for Chrysler Corp.,For Sueth,complainer,,195,
12b8b280-2da3-43aa-ad56-290d44eeb0cb,Audi GmbH,Tischdreizehn,​Advertisement for Audi A6 “Avant”,Audi A6 Avant,defendant,,195,
40edebc1-11b9-4eed-b563-1a962e8d3913,Anonymous,Lata Mangeshkar & Mohammed Rafi,Baghon Mein Behar Hai,Baghon Mein Bahar Hai,complainer,,194,
16336472-ae3b-4cd6-90d7-e774e4d73c07,"Timothy Mosley, aka ""Timbaland""",Timothy Wisdom,Put You on the Game,Put the Stereo On,defendant,,194,
8a6b873d-50ed-47d8-85da-e81d1ba2cdfd,"Ryan Lessem, Douglas Johnson",Liam Ryan,Elevator,Blue Elevator,complainer,,193,
fe090820-0909-450f-834a-934fd01bc88b,"Jayceon Taylor (“The Game”), Andre Young (“Dr. Dre”), Michael Elizondo, Curtis Jackson (“50 Cent”)","The Game, 50 Cent",How We Do,How We Do,defendant,,193,
4ee9a470-414e-4e89-b01c-e87b38e089db,Wadena Pyatt,Sofia Källgren,Caught Up,Caught Up,complainer,,192,
4bc07c8f-153c-42b2-b946-d5b416436b8c,Usher Raymond,Poison Clan,Caught Up,Raymond Up the Road,defendant,,192,
04955af7-ccc4-481e-8a7a-ff3cbb3f2138,Ernest Straughter,Sunny Ledfurd feat. Ziggy Pockets,The Reasons Why,The Reasons Why,complainer,,191,
34f2b6a6-5529-49b2-91e4-496c519de6a7,"Usher Raymond, et al.",Usher,Burn,Burn,defendant,,191,
6aafff6e-5701-41f8-93d5-b470c0995384,Jake Holmes,Jake Holmes,Dazed and Confused,Dazed and Confused,complainer,,190,
40de4a0b-daa8-42d4-a407-7bf5ae8a1111,Led Zeppelin,Led Zeppelin,Dazed and Confused,Dazed and Confused,defendant,,190,
08890a30-0d6a-43f5-971a-ebbb13a6d951,Ebony Latrice Batts aka “Phoenix Phenom”,The Courettes,Boom Dynamite,Boom! Dynamite!,complainer,,189,
30773167-c32e-42d4-9e8c-f4a2f9f408cf,"William Adams, et al. [“Black Eyed Peas”]",Black Eyed Peas,Boom Boom Pow,Boom Boom Pow,defendant,,189,
ad6b7fec-2740-41f6-8f10-99a6499baf88,Martel Ellis,Vinyl Dial & Sam Ellis,Danger,Into Danger's Mouth,complainer,,188,
e245a35b-3ea6-4363-8168-1519ab8227bd,Wyclef Jean,Wyclef Jean feat. Sizzla,Welcome to the East,Welcome to the East,defendant,,188,
1f9b9357-2918-467b-8ddb-5c12d407dd28,Robert R. Prunte,Black Rob,"Fire in Da Hole, Plus Others",Fire in da Hole,complainer,,187,
1f9b9357-2918-467b-8ddb-5c12d407dd28,"Black Rob, et al.",Black Rob,"Fire in the Hole, Plus Others",Fire in da Hole,defendant,,187,
6bc9f4b2-d165-406a-ae98-08d3a8f1a0da,Preston Marshall,Steve Marshall,You are the One,You Are the World,complainer,,186,
3c4efacb-32bb-4d55-8b38-41a2e94a934b,"John Huffman, Real Content Media Group, Mariah Carey",Mariah Carey,My Love,My All (My club mix),defendant,,186,
00c69d35-0b96-4002-9182-012f7b7f306a,Marion Sinclair,Marion Sinclair,Kookaburra Sits in the Old Gum Tree,Kookaburra Sits in the Old Gum Tree,complainer,,185,
1668ade7-acd3-447c-a9b9-0e520690fbc5,"Colin Hay (""Men At Work"")",Men at Work,Down Under,Down Under,defendant,,185,
7e79fb6c-9e3f-4f8f-a0fe-05ec8debf998,David & Peter Currin,Stealth & Cold Fusion,I'm Frontin',Frontin’,complainer,,184,
01fcd500-deed-4721-86c9-2c7a34242900,Pharrell Williams,Pharrell Williams,Frontin,Frontin',defendant,,184,
263f6386-f4f7-4afd-b870-fa5a35e26f80,WEH,Weh,Heartbeat,Hang 'Em High,complainer,,183,
596897c0-b4e7-4a00-b710-5666ccf2e13f,Sophie Ellis-Bextor,Sophie Ellis‐Bextor,Get Over You,Get Over You,defendant,,183,
96958422-ea5f-4115-89cd-a2745452d9c5,Joe Satriani,Joe Satriani,If I Could Fly,If I Could Fly,complainer,,182,
8ea17c34-77de-4c31-970a-e50e379d8013,Christopher Martin et al. [Coldplay],Coldplay,Viva la Vida,Viva la Vida,defendant,,182,
24001a84-f6ef-4621-adae-7fe635bb18be,Leonard Jones and James E. White,James White,Party Ain't Crunk,Monkey Party,complainer,,181,
8445700a-e1a7-4867-ae65-3f6773c1350f,Mary J. Blige,Mary J. Blige,Family Affair,Family Affair,defendant,,181,
85d99974-2be4-4e4c-917b-948e96d27a1d,George Clinton,George Clinton,Atomic Dog,Atomic Dog,complainer,,180,
0eb1003b-8503-475c-95f1-a7ef29a38f4d,"Robert Kelly, et al. (""Public Announcement"")",Public Announcement,D.O.G. In Me,D.O.G. in Me (feat. Shaq and Roger Troutman),defendant,,180,
1fac6603-0eaf-437b-9fd7-b850e7019dec,Samuel Steele,Steele,Man I Really Love This Team,Everything I Love,complainer,,179,
45364c1e-fb91-45ad-bf43-fd383c918d8b,Jon Bongiovi,Jon Bongiovi,I Love This Town,Open Your Heart,defendant,,179,
27941c31-970d-4f34-86d7-49c8ed923341,Dustin Evans,Dustin Evans,Good Ol' Days to Come,Good Ol' Days to Come,complainer,,178,
a4584b73-56d3-42ee-b70c-6ab53428cae6,Phil Vassar,Phil Vassar,Good Ole Days,Good Ole Days,defendant,,178,
295ff2c5-7df1-4595-9c03-ff9dceaf1cab,Rickey Allen,Beyoncé,Cater 2 U,Cater 2 U,complainer,,177,
2823e330-111e-44d1-b56e-dd4cb4f5ab79,Destiny's Child,Destiny’s Child,Cater 2 U,Cater 2 U,defendant,,177,
cc39412b-a24d-4dcb-a1ea-5684a4db5679,Ram Sampath,Ram Sampath,The Thump,Haule Haule,complainer,,176,
24cd7732-8b8f-4010-ae79-c7780a4afa66,Vishal Dadlani,Vishal Dadlani,Krazzy 4 (Remix) & Breakfree (Remix),Krazzy 4 (remix),defendant,,176,
4b9b3a70-fa11-4b4f-a11f-ceac2f7751e3,"Jurgen Winter, et al., (a.k.a. ""Jud's Gallery"")",Jud's Gallery,Nordrach,Nordrach,complainer,,175,
48b035da-e5f3-4cf8-8307-f6ad88191945,Gary Moore,Gary Moore,Still Got the Blues,Still Got the Blues,defendant,,175,
ecf2722f-f830-460b-b322-31499eec12e7,Corey Glover,The Good Men,Make Up Your Mind,Make Up Your Mind,complainer,,174,
c9684796-c13c-48e1-a6d2-0ad8a211dc09,"Tionne Watkins, et al.",TLC,Unpretty,Unpretty,defendant,,174,
53acd677-0423-471e-bd60-8451bc103a74,Xu Ruhui,Xu,"Arrangements of Chinese Operas, including: The Mother as Slave",Sea of Cobwebs,complainer,,173,
521b7810-80ef-4d4b-b36c-cb7d202a8398,Yang Feifei,TM Juke and The Jack Baker Trio,"Recording of popular vocal numbers from Chinese Operas, including a portion of The Mother as Slave",Portion of a Recording,defendant,,173,
a15fbc2e-48d9-4fa3-ae93-d3f01777dd93,Chris Lester,Meat Loaf,Nowhere Fast,Nowhere Fast,complainer,,172,
2ec10c08-268c-4dde-a028-f009dba2390b,U2 (band),U2,Vertigo,Vertigo,defendant,,172,
e0625845-47b6-4967-ae55-ee21007dae19,Victor Velez,Mario del Río con el Mariachi Corona de David Lopez,Hasta Hoy,Hasta hoy,complainer,,171,
662917a8-be84-451a-a9d2-2146170dbab2,Victor Manuelle,Víctor Manuelle,Tengo Ganas,Tengo ganas,defendant,,171,
cc900a45-a623-4c19-b175-a631eafbed98,Ralph Vargas and Bland-Ricky Roberts,Ralph & Ricky Skaggs,Aparthenonia,The First Step to Heaven,complainer,,170,
05d566f6-d9e5-4325-acd7-5b3ef9b9508e,Brian Transeau,Carlos Bess,Bust Dat Groove Without Ride,Bust Dat Groove (w/ ride),defendant,,170,
e9d1f682-50c8-4021-b7d4-80fcfa0d7ea4,Lo,Roger Nichols Trio,Lianshang Love Song,"Love Song, Love Song",complainer,,169,
e1229022-438f-49f2-98f4-1b3b119021d4,Hu,Finn & Haddie,Bye Bye My Lover!,Good-Bye My Lover Good-Bye,defendant,,169,
f4d16748-1440-4d76-a96c-14086d490d2f,Luther Campbell,Luther Campbell,It's Your Birthday,Take It Off (album version),complainer,,168,
d212670d-0812-40fa-b65f-1c9937992270,"Curtis James Jackson aka ""50 Cent""",50 Cent,In Da Club,In da Club,defendant,,168,
9ed37b93-b3f8-4f81-8fd5-e4788a2e3088,"Robert Jones, et al.",Al Simmons,Singing in the Morning,Singing in the Bathtub,complainer,,167,
b1c3afc0-0de1-467d-bb15-8a3ac41bbcac,Christopher Wallace,Chris Wallace,Ready to Die,Ready to Fall,defendant,,167,
7cae4d33-c48f-4d40-a4b7-73473fb314b0,Jennifer Armour,Michael Hurley,Got a Little Bit of Love for You,A Little Bit of Love for You,complainer,,166,
b6a4c8c3-dade-4c52-8011-037fd1fc469d,Beyoncé Knowles,Beyoncé,Baby Boy,Baby Boy,defendant,,166,
36ec00df-2dbc-47f0-9f93-b681d950d585,Bradley Tilford,Tilford,Still Tippin',"Dylan Loves Happiness, Tap Dance, and South Dakota",complainer,,165,
922411c1-6fb4-492e-aae3-fe6fa0764d90,"Michael Jones, et al.",Mike Jones,Still Tippin',Still Tippin’,defendant,,165,
0f525747-8cb0-4ba1-bc65-693c47d71ea4,"Carl Boone (""Trajik"")",8Ball feat. Carl Thomas,Holla Back,Holla Back,complainer,,164,
1444cf8a-7f6f-4c1b-8072-8b2391387127,"John Jackson (""Fabolous"")",Fabolous,Young 'N,Young 'n (Holla Back),defendant,,164,
72083ac0-9e4d-4f93-8ac0-145f3e7dc9cd,Sergio Endrigo,Sergio Endrigo,Nelle mie notti,Nelle mie notti,complainer,,163,
74fa1c97-3b8d-450e-bf6b-046408cab70e,Luis Bacalov,Luis Bacalov,Il Postino,Il Postino,defendant,,163,
53987440-6a19-4975-b8bf-c21ddc2e2a4b,Yong Wang,Wang Changcun,Send My Comrade to Beijing,20161209_live_at_beijing,complainer,,162,
81ac36e2-bcfa-4e2a-ab77-a25af632dda9,Zhengben Zhu,雷強,Farewell to the Red Army,Farewell Red Army,defendant,,162,
05d566f6-d9e5-4325-acd7-5b3ef9b9508e,Ralph Vargas and Bland-Ricky Roberts,Carlos Bess,Bust Dat Groove Without Ride,Bust Dat Groove (w/ ride),complainer,,161,
f130cf83-c8bb-443b-a6d6-0959f612f95a,"Brian Transeau, et al.",Brian Transeau,Advertisement for Celebrex,Relativity (Deep Dish remix),defendant,,161,
b5eec9a6-c17c-4524-b1e7-1ed3cb86400d,"Jerome Temple (""Jubilee"")",DJ Jubilee,Back That Ass Up,Back That Ass Up,complainer,,160,
e16f185d-ac03-4af5-8fc0-e0372ee99504,"Terius Gray (""Juvenile"")",Juvenile,Back That Azz Up,Back That Azz Up,defendant,,160,
c5da9b12-1f99-4eab-b492-5a43953e6893,Calvin R. Johnson,Ella Johnson,You’re the One (For Me),You're the One for Me,complainer,,159,
2cc4e969-e37a-4190-bb32-adb8a7bff6ca,"Allen Gordon Jr., et al.","Rex Allen, Jr.",You’re the One,You're the Only One I'll Ever Love,defendant,,159,
5dfe369b-5421-492c-9bba-5681453b5359,Tia Griffin,Patty Griffin,Heart of Gold,House of Gold,complainer,,158,
d4bc53e1-fd6c-4e99-94be-74c764c226d0,"Richard Marx, Luther Vandross",Luther Vandross,Dance With My Father,Dance With My Father,defendant,,158,
7692d439-0492-43f3-81e5-46e89fa8ca19,Elizabeth Coffey,Dennis Coffey,Forever After,Our Love Goes on Forever,complainer,,157,
a119586a-9f13-4a2a-aaa4-6d2c117e4767,Patrick Leonard & Madonna Ciccone,Madonna,Nothing Really Mattters,Nothing Really Matters,defendant,,157,
7f9ed647-376e-4494-95a1-4047ea17c4b6,George Clinton,George Clinton and the P-Funk All Stars,Get Off Your Ass and Jam,Get Off Your Ass & Jam (:58),complainer,,156,
e85c576e-ba40-476c-bbe8-a293c409a188,"Eric Wright, et al.",Din-ST,100 Miles and Runnin',100 Miles and Runnin,defendant,,156,
5b05cbcc-9d91-4ba5-b98f-c595f77da3a9,"Ramid Brown, et al.",$tupid Young,Straight Like That,Straight Like That,complainer,,155,
d00f4d21-4870-40af-bb10-8e07291aaf67,Christopher Bridges,Sigrid,Stand Up,"Burning Bridges (up close, acoustic)",defendant,,155,
3d955493-0b42-462d-a9d9-e68f3cdeb468,Demme Ulloa,Out Hud,Brief countermelody to defendant's song,Defendant's Song,complainer,,154,
bd209d60-52da-4956-b7ee-d006e2bd9da6,Shawn Carter,Jay‐Z,Izzo (H.O.V.A.),Izzo (h.o.v.a.),defendant,,154,
12600e4d-65cd-4c01-bcc6-a3ba8ff4f023,Soloman Ntsele [p/k/a/ Linda],Solomon Linda’s Original Evening Birds,Mbube,Mbube,complainer,,153,
9c126f83-611d-40bb-ac4e-1f164c18dfc5,"Pete Seger et al. (From Disney's 1997 Broadway musical ""The Lion King"")",Lion L. Richie,The Lion Sleeps Tonight,The Lion Sleeps Tonight,defendant,,153,
22f6ed13-64dc-43d6-bd3b-1c512bb227ae,Seth Swirsky and Warryn Campbell,Seth Swirsky,One of Those Love Songs,It's Still Love,complainer,,152,
c2aeffa1-db5a-4adf-832c-a88cdd7af0dd,Mariah Carey,98° feat. Mariah Carey,Thank God I Found You,Thank God I Found You,defendant,,152,
952af1ab-7ed9-4d06-a803-add49c3e9193,Apollo Inc.,Jeff Wahl,When the Sun Rises,When the Sun Rises,complainer,,151,
d85b9875-a1af-4878-9664-5fb901a52c74,Coca-Cola (China) Inc.,Coca‐Cola,Sunrise,Always (DJ Tatana remix),defendant,,151,
f833fca3-0e0a-45cd-b54d-a3997c9d010b,Asei Kobayashi,SWIM SWEET UNDER SHALLOW,Dokomademo Ikou [Let's Go Anywhere],dokomademo,complainer,,150,
7e2adfbf-d5c9-412f-9a30-87d27c59ffe2,Katsuhisa Hattori,P.N.A.T.S.H.,Kinenju [Memorial Tree],Jack Smith Memorial Christmas Tree,defendant,,150,
b9cef55e-5185-4cf9-be1d-bb7cf6743e9d,"Mehmet Ergin, Christoph Lienemann",Big Jay und die GPÖ,Jingle of German bank: “Wenn’s ums Geld geht-Sparkasse”,Geht ums Geld,complainer,,149,
81535c9c-c828-4239-a2ae-153ffe32c72e,[Unknown Composer],[unknown],Wouldn't It Be Good,Wouldn't It Be Nice,defendant,,149,
8de682a5-bf9a-477b-98b8-61c8a617633d,John L. Jorgensen,The Three Degrees,Long Lost Lover,Long Lost Lover,complainer,,148,
ab242f11-e5d0-42c4-8c99-a3f3d89b5c77,"James Horner, Will Jennings, Chris Lindsey, Aimee Mayo and Marv Green",James Horner & Will Jennings,"My Heart Will Go On, Amazed",My Heart Will Go On,defendant,,148,
49f8944b-1a01-473d-b265-3f7e4ddf083e,"Edward ""Kid"" Ory",Kid Ory,Muskrat Ramble,Muskrat Ramble,complainer,,147,
48c6bf42-14b0-43c7-a787-5073c5fe082e,Joe McDonald,Country Joe McDonald,I Feel Like I'm Fixin' to  Die Rag,I Feel Like I’m Fixin’ to Die Rag,defendant,,147,
bc87b33e-0352-48a5-85cd-0149a5f2b117,James W. Newton,James Newton,Choir,Choir,complainer,,146,
a374fcaf-844f-4bf9-9356-2680b513a34e,"Adam Yauch, et al.",Adam Yauch,Pass the Mic,Sound Bite by Adam Yauch of the Beastie Boys,defendant,,146,
396df7d2-81bc-4753-8b3a-43cb77f3692c,Michael Cottrill and Lawrence Wnukowski,Rick Kemp feat. Andrew 'Spud' Sinclair & Michael Chapman,What You See is What You Get,What You See Is What You Get,complainer,,145,
87008276-7e58-42c3-8164-2aa4e9e4a49c,"Jorgen Elufsson, David Kreuger, Per Magnusson, Rami Yacoub",Xzibit,"What U See is What U Get, Can't Make You Love Me",What U See Is What U Get,defendant,,145,
8c97f0e7-0cad-4346-89d3-ae42c3445e1c,WEH,Weh!?,Heartbeat,Jaws,complainer,,144,
596897c0-b4e7-4a00-b710-5666ccf2e13f,Sophie Ellis-Bextor,Sophie Ellis‐Bextor,Get Over You,Get Over You,defendant,,144,
671e0bb0-6595-4cfc-86ee-acaf63a5e76f,Stephan Malmstedt,Stephan Malmstedt,Jenny and I,The Red Light,complainer,,143,
836ed3c1-b078-4e81-a2d8-13105217ae17,Per Gessle,Per Gessle,Sleeping in my Car,Sleeping in My Car,defendant,,143,
83040247-3a41-4ca8-924a-98be99eea44a,"Leo Nocentelli, et al.",Leo Nocentelli,Hand Clapping Song,Your Song,complainer,,142,
98c97906-2efe-4942-ae7b-b16317a58f9f,Nel Wyclef Jean and Jerry Duplessis,Whitney Houston feat. Wyclef Jean,My Love is Your Love,My Love Is Your Love (Remix),defendant,,142,
8b3c7613-1343-430e-a3ad-ad6ebae9aa47,Marianne Creagh,Marianne Nowottny,Where are You Now,Where You Are,complainer,,141,
d415dd5b-ff3a-4f70-aebf-0e1b8c8b858a,"Simon Stirling, et al.",Al Hibbler,Where are You,Where Are You?,defendant,,141,
6e6d3e04-12df-418a-8e4b-e52ac19a932e,Paula Toliver,Ryan Baine,Independent Lady,Independent Lady,complainer,,140,
5f5c6e51-632a-4b2b-8650-9bbb98067b03,Destiny's Child,Destiny’s Child,Independent Women,Independent Women,defendant,,140,
2f754617-70ae-4225-9d13-215862cec169,Chuck Berry and Johnnie Johnson,Chuck Berry,Wee Wee Hours,Wee Wee Hours,complainer,,139,
a571b3b9-ca78-48ed-addb-67994e479b7f,,Nan Elmoth,,Nan Elmoth,defendant,,139,
d2195502-4db7-46bd-9616-bcf78558a62b,Marlon Williams,sir john barbirolli,The Symphony,vaughan-williams 8th symphony toccato,complainer,,138,
191321aa-fa17-4a58-866c-179c62aec700,Calvin Broadus,Calvin Richardson,Ghetto Symphony,Disrespectful Ghetto,defendant,,138,
6e14e66a-a9bb-4c2e-b29d-faa0744ef8e3,Albano Carrisi,Al Bano & Romina Power,I cigni di Balaka,Cigni di Balaka,complainer,,137,
f29399bd-1c39-4d00-b6a8-744070d35576,Michael Jackson,Michael Jackson,Will You be There?,Will You Be There (Michael Jackson's Vision),defendant,,137,
a29a3515-c220-4a68-ae9d-e35256c18680,Astrud Gilberto,Astrud Gilberto,Girl from Ipenama,Girl From Ipanema,complainer,,136,
de157c14-21fa-4d5b-8250-71f382708bbf,Frito-Lay Corp.,Bootychaaain,Frito-Lay TV ad,Frito Lay,defendant,,136,
8c3b2197-d29a-4d5f-b2a4-4bb9b9f72ef7,Matthew Cooper,Outside,The Lower we Fly,The Lower We Fly,complainer,,135,
f1951100-098f-4a92-b0c6-16d73ffc736d,Ogilvy & Mather,Maps & Transit,"""Pond's Nutrivits"" ads",Ponds,defendant,,135,
c2366706-91ee-45ce-a0cc-4b17d8dddfe6,,GaBLé,Various pop songs in SACEM catalog,Sacem,complainer,,134,
54fe5b43-eea3-4416-b7d9-158275a48ddd,,2050Millions,Mashups of various songs in SACEM catalog,Sacem,defendant,,134,
7d818fcb-6374-4948-9f1d-f54fea4ee58f,Michael Tisi,Barely Heroes,Sell Your Soul,Sell Your Soul,complainer,,133,
d4775435-2005-48ee-af55-f1a67824537e,Richard Patrick,Patrick Woods,Take A Picture,Picture of a River,defendant,,133,
df69b944-dcfc-4bfb-86b0-bb464ff00f75,Isley Brothers,The Isley Brothers,Love is a Wonderful Thing,Love Is a Wonderful Thing,complainer,,132,
19bb2643-958e-472c-bff7-7305e170a0f8,Michael Bolton and Andrew Goldmark,Michael Bolton,Love is a Wonderful Thing,Love Is a Wonderful Thing,defendant,,132,
3cb78c05-e59b-4f37-9060-e4d5bdccfb2f,"John McLaughlin, et al.",John McLaughlin,Planetary Citizen,Planetary Citizen,complainer,,131,
c7a1a4cc-97d6-419d-87e4-7de40f7550ea,"Robert Del Naja, et al",Woody van Eyden,Unfinished Sympathy,Unfinished Sympathy,defendant,,131,
90506d39-17d3-4d1a-b526-9ea2b7049902,Snap!,Snap!,Green Grass Grows (Earth follows),Green Grass Grows (Earth Follows),complainer,,130,
33e59633-1e44-49e3-bcdf-6b715ef2aeec,Cygnus X,Cygnus X,Superstring,Superstring,defendant,,130,
200feb65-9271-466e-8c2a-e4502c863f22,"Billy Gibbons, et al.","La Mississippi, Billy Gibbons",La Grange,La Grange,complainer,,129,
e70c6b51-4105-477e-9aaa-832c7d7b1b95,Chrysler Corporation,The Katinas featuring Miles McPherson,Promotional video for Plymouth Prowler,Promotional Video,defendant,,129,
f472981c-7431-4a0f-9c00-cba8feb68795,Suzane McKinley,McKinley Mitchell,I Think About You,I Think You're The Girl,complainer,,128,
fd971800-2d71-40ff-92f6-4f0b49feb1a2,Steve Seskin & Collin Raye,Collin Raye,I Think About You,I Think About You,defendant,,128,
cbc93126-8703-4aba-8d5b-555175918ea5,Christopher Selletti,Christopher Maloney,Hero,Hero,complainer,,127,
86c0df9a-7562-4c8c-a424-8fc7d15b24df,Mariah Carey,Mariah Carey,Hero,Hero,defendant,,127,
ab4733ff-6c9b-4ef4-bead-01c652385ead,Everett Ellis,Everett,Lay Me Out By the Jukebox When I Die,Lay Down Your Arms,complainer,,126,
ec6923ae-e41c-428f-b7dd-9e335d614f66,Joe Diffie,Joe Diffie,Prop Me Up Beside the Jukebox (If I Die),Prop Me Up Beside the Jukebox (If I Die),defendant,,126,
2fa31a1e-5d87-47db-ba36-1ff7f3d16c36,"Kevin Griffin, et al.",Al Jewer,Coyote,Coyote,complainer,,125,
fed8651b-965b-4541-b18d-251997f709ce,,Wayra Nan,,Qapaq Nan,defendant,,125,
48a0ff4c-0b28-4348-83fc-1926abca129e,Robert Plant et al.,The Honeydrippers,Impeach the President,Impeach The President,complainer,,124,
563d8d39-7c62-48ea-8aeb-cc030efe842d,Joseph Simmonds et al.,"Tony Hancock, et al.",Back from Hell,1956-10-14: Back from Holiday,defendant,,124,
e1ad0e25-37b7-4bd6-b58e-cd8cc27904e4,Ray Repp,Corrina Repp,Till You,Did You Say You Were Grown?,complainer,,123,
71b76241-2f24-4d17-ba1e-cebed68230f9,Andrew Lloyd-Webber,Andrew Lloyd Webber,Phantom Song,Phantom of the Opera (Phantom),defendant,,123,
1f0c4dd4-ff05-4b1e-9914-5840dae356e3,Maree McRae,James House,"Every Minute, Every Hour, Every Day","Every Minute, Every Hour, Every Day",complainer,,122,
ffa5f275-83c1-420a-9dee-f69882858c27,Wayne Perry and Gerald Smith,The Wife and Kids,Every Second,Every Second,defendant,,122,
ee00fe5f-aeed-4bb6-a876-aceaf059ba59,James Damiano,Marek Bychawski,Miscellaneous lyrics and instrumental arrangement,Miscellaneous (instrumental intro),complainer,,121,
2828db75-bd49-4ed6-b6bd-d31a943a726f,Bob Dylan,Bob Dylan,Dignity,Dignity,defendant,,121,
389944c2-509f-48a6-b569-4940ceb9ca3b,Robert Smith and Reynard Jones,The Paragons & Sly & Robbie,Don't Let the Sunshine / Happy Go Lucky Girl,Happy Go Lucky Girl,complainer,,120,
c36a5c92-2def-4d05-b767-edeece1f835b,Michael Jackson,Michael Jackson,The Girl is Mine,The Girl Is Mine,defendant,,120,
1cc58d4f-92ca-41bf-9765-2a78b9f630f3,Rene Santrayll & Michael Walker,Walker & Royce,Uh Oh,Uh Oh,complainer,,119,
acefa5e8-9534-4c8a-a9bd-e2720b0ac51e,Stanley Kirk Burrell,Aurthohin,"Pepsi Ad featuring ""Hammer""",Pepsi Ad,defendant,,119,
e041d846-0c15-4bf6-8b2d-25f297533945,Eddie Palmieri,Eddie Palmieri,Paginas De Mujer,Páginas de mujer,complainer,,118,
47bb7897-ab26-448b-951e-e2081d3ab10e,Gloria Estefan,Gloria Estefan,Oye Mi Canto,Oye mi canto,defendant,,118,
392b52f3-3483-4f59-8e66-4a9ac7b0de3d,Harry Woods,Al Jolson,"When the Red, Red, Robin Comes Bob, Bob, Bobbin' Along","When the Red, Red Robin Comes Bob, Bob, Bobbin' Along",complainer,,117,
a571b3b9-ca78-48ed-addb-67994e479b7f,,Nan Elmoth,,Nan Elmoth,defendant,,117,
1b5d87a3-7ee8-4637-9f87-f96e9ea3b2b1,John Hooker and Bernard Besman,John Lee Hooker,Boogie Chillen,Boogie Chillen,complainer,,116,
200feb65-9271-466e-8c2a-e4502c863f22,"William Gibbons, et al.","La Mississippi, Billy Gibbons",La Grange,La Grange,defendant,,116,
a62acef2-e9b5-44f3-bf59-9f38957709d9,Crystal Cartier,Crystal Lewis,Dangerous,Dangerous Ground,complainer,,115,
92c3fa5d-75fe-462b-b430-e3d1152e020b,Michael Jackson,Michael Jackson,Dangerous,Dangerous,defendant,,115,
ef851591-4922-47a3-b50d-1c60feff842c,Morales and Robertson [Fat Boys],Fat Boys,Stick 'em,Stick 'em,complainer,,114,
9c80a5c8-f976-477a-96b4-191b7b8444aa,Miller Brewing Co.,GospelbeacH,TV ad for Miller Lite,Miller Lite (Live),defendant,,114,
ec53c9a3-b360-4d63-adc2-1574501b9b13,John Fogerty,John Fogerty,Run Through the Jungle,Run Through the Jungle,complainer,,113,
642dc21b-2b8d-4ff7-8fde-a9a4eda84c00,John Fogerty,John Fogerty,The Old Man Down the Road,Old Man Down the Road,defendant,,113,
7ab30427-20ee-47c7-ba05-e870f8f0fd2e,Williams Dees and Roy Orbison,Roy Orbison,"Oh, Pretty Woman",Oh Pretty Woman (Oh Pretty Woman),complainer,,112,
7ab30427-20ee-47c7-ba05-e870f8f0fd2e,Luther Campbell,Roy Orbison,"Oh, Pretty Woman",Oh Pretty Woman (Oh Pretty Woman),defendant,,112,
e6bca11e-722b-475c-a870-33052284e08b,James Drynan,Steve Jablonsky,Filion Family Welcome,Family Welcome,complainer,,111,
086177b1-95b1-4ac7-afcd-405bc0bce05a,Wayne Rostad,Wayne Rostad,Here We Are On the Road Again,Again,defendant,,111,
f3dc64bc-d9eb-4e7a-8096-1f24360a0d52,Les Inconnus,Les Inconnus,Auteuil Neuilly Passy,Auteuil Neuilly Passy (Rap BCBG),complainer,,110,
f9eaa8ee-3217-4c85-be6b-80b4e3c9da20,Maceo And All The King's Men,Maceo and All the King’s Men,Southwick,Southwick,defendant,,110,
18b71114-edb6-4b92-9910-499c0244808c,Michael Sylvestre and Dougals Richwine,Michael Glabicki,Heaven,Heaven,complainer,,109,
f6d1bc5a-b34b-4d5f-bdf1-a7a9443063b7,Jani Lane,Jani Lane,Heaven,Heaven,defendant,,109,
e5535508-cb5e-44d1-b528-f7600d44d678,"Duke Ellington, Billy Strayhorn, Johnny Mercer","Duke Ellington, Johnny Mercer, Billy Strayhorn",Satin Doll,Satin Doll,complainer,,108,
2c3915c0-6d3e-46b6-96ba-03b0098f781f,,Nan Elmoth,,Nan Elmoth,defendant,,108,
f01aafa4-a5da-4188-8656-062b6770cecc,Boyd Jarvis,Before the Storm feat. Boyd Jarvis,The Music's Got Me,I’ve Got the Music (club mix),complainer,,107,
301b1cfc-f72a-4667-821f-e114af07dd89,Robert Clivilles and David Cole,Clivillés & Cole,Get Dumb! (Free Your Body),Mind Your Business,defendant,,107,
d0ba9105-75bb-4274-9ed6-d8bfdcd7dd1f,Stavros Logarides,Stavros,City of Violets,World Church of the Creator,complainer,,106,
5e48c636-59a5-4e3c-9ca8-a5bb8ff0926d,Evangelos Papathanasiou,Music Factory,"Theme from ""Chariots of Fire""","Chariots of Fire Theme (From ""Chariots of Fire"")",defendant,,106,
ca2af359-f980-4639-ae40-b04445964199,Derrick D. Moore,Sam Moore,She Can't Stand It,I Can't Stand It,complainer,,105,
23391c57-1d7e-4477-af10-0f5f8f8281da,Antonio Reid and Kenny Edmonds,Bobby Brown,"On Our Own (from ""Ghostbusters II"")",On Our Own (from “Ghostbusters II” soundtrack),defendant,,105,
4577a91a-1701-42c5-84dc-48881cbc870c,Lloyd Chiate,Lloyd Charmers,Hello It's Me / I Just Called to Say,I Just Called to Say I Love You,complainer,,104,
be0a9455-4747-4037-bfc7-6a488d25866b,Stevland Morris,Stevie Wonder,I Just Called to Say I Love You,I Just Called to Say I Love You,defendant,,104,
35b7f807-f527-4376-8607-6b5b12106175,Malcolm’s Lock,Jami Hilton,Brown Girl,Dread Lock Girl,complainer,,103,
d4a14d14-5eb9-4fe2-b18a-eeb072dcda91,Boney M.,Boney M.,Brown Girl in the Ring,Brown Girl in the Ring,defendant,,103,
2bacff5d-6f2d-4808-8fa6-dfaf97230032,Tony McKay aka Exuma,Exuma,There´s a Brown Girl in the Ring,Brown Girl,complainer,,102,
d4a14d14-5eb9-4fe2-b18a-eeb072dcda91,Boney M.,Boney M.,Brown Girl in the Ring,Brown Girl in the Ring,defendant,,102,
3d9dae3c-460a-45c8-82a0-bfe580eade1d,Enigma,Enigma,Sadeness I,Sadeness,complainer,,101,
44577eb8-4b63-45ff-9800-6841c3a181de,Phlegma,Phlegma,Madness I,Évolution,defendant,,101,
ddb47a59-9ed7-473a-abf2-4e37f76d5da0,Gerard McDonald,Sunnyside,"Proposed Theme Music for ""Sally Jesse Raphael Show""",Sally Jesse Raphael,complainer,,100,
ddb47a59-9ed7-473a-abf2-4e37f76d5da0,Dan Radlauer,Sunnyside,"Theme Music for ""Sally Jesse Raphael Show""",Sally Jesse Raphael,defendant,,100,
8391bf54-c4d4-4c1a-846f-aaa7ece81c99,Enrique Chia,Enrique Chía,Es,Es,complainer,,99,
3d62face-780d-4453-9a05-d03e3753d8dd,"Mario Balducci, Julio Iglesias",Julio Iglesias,Hey,Hey! (Hey!),defendant,,99,
507906cb-55da-4d02-bc34-5074c699725c,"Raymond ""Gilbert"" O'Sullivan",Chris Reed and The Anime Raiders,Alone Again (Naturally),"Alone Again, Naturally (Gilbert O'Sullivan)",complainer,,98,
6da9e959-8c14-479c-a790-5055aa9b43fd,Biz Markie,Biz Markie,Alone Again,Alone Again,defendant,,98,
c7ea03c5-d404-4eda-8e71-3844991fac1a,Rene Grignon,René Bartoli,Chanson Numero 7,Chanson,complainer,,97,
0e26ab94-ea02-4179-8817-8f9571dc174b,Jean-Alain Roussel,Martine St-Clair,Tous Les Juke-box,Tous les Juke-box,defendant,,97,
6a84799f-1b51-4403-973c-ac4b95eaeb13,Damon Black,Jukio Kallio,The Jukebox,Jukebox: Black Metal,complainer,,96,
058e0925-1692-4173-a908-d06c8170c9f4,Vern Gosdin,Vern Gosdin,Set 'Em Up Joe,Set 'Em Up Joe,defendant,,96,
d6ecf87f-8d0b-4ff9-8bde-4e25d6689493,Paul DiFranco and Norman Dolph,Reunion,Life is a Rock (But the Radio Rolled Me,Life Is a Rock (But the Radio Rolled Me),complainer,,95,
92a908d8-4dbb-4214-a167-1b4b026ba479,McDonalds Corp.,Red,Menu Song,Putrefying Corp Song,defendant,,95,
8ecb24cf-aacf-4494-ae56-864e8286c567,William Dawson (Arr.),William Levi Dawson,Ezekiel Saw De Wheel,Ezekiel saw de wheel,complainer,,94,
ee2b5f23-ab5d-4396-9a2f-38a3e3689393,Gilbert Martin (Arr.),The Delta Rhythm Boys,Ezekiel Saw De Wheel,Ezekiel Saw De Wheel,defendant,,94,
69b99307-141f-42ea-a239-59bad1b59e84,Queen & David Bowie,Queen & David Bowie,Under Pressure,Under Pressure,complainer,,93,
bd5e85df-32b2-4fd0-879d-21fd994a2e7a,Vanilla Ice,Vanilla Ice,Ice Ice Baby,Ice Ice Baby,defendant,,93,
72b9a518-2480-4258-bd07-2d4ffc3dbf4a,Collette Roberts,Collette,Ring My Bell (CBS Version),Ring My Bell,complainer,,92,
fefe7da9-2458-43b3-87a7-94dc24f5a6d7,Guy Cross,Cross Record,Ring My Bell (Trackdown Version),Ring Bell,defendant,,92,
893e5579-abbd-4c15-816f-9e197fee5e4b,Katy Kassay,Die Ärzte,…wie ein Kind,Wie ein Kind,complainer,,91,
78c10d26-8969-4389-a9e8-b473fd1eaa15,"Earth, Wind & Fire","Earth, Wind & Fire",Fantasy,"Earth, Wind & Fire",defendant,,91,
e011cb4f-70f7-44ce-8e40-057f795c574f,Julio Iglesias,Julio Iglesias,Alle Liebe dieser Erde; Un canto a galicia,Alle Liebe dieser Erde,complainer,,90,
7ac94e7c-ce1e-463c-8a30-bc6be012371f,Nicole,Nicole,Ein bisschen Frieden,Ein bisschen Frieden,defendant,,90,
ef79290f-92cc-4daf-8714-e33f9c8e08ad,Louis Gaste,Louis Gasté,Pour Toi,Laisse moi,complainer,,89,
6cd5d284-08cd-4c33-ad87-e903f739b90a,Morris Kaiserman,Morris Albert,Feelings,Feelings,defendant,,89,
b5ab245b-c948-489b-817c-ab7d0a369b35,Rogers & Hammerstein,Rodgers & Hammerstein,"""There is Nothing Like a Dame""",There Is Nothin’ Like a Dame,complainer,,88,
85e70ae4-9b8a-4ed2-a108-57264c369011,Denis King,King Tee,Advertisement for Rapid Coach Service,Advertisement,defendant,,88,
96088799-558e-4bb4-af94-4a7db5237dce,Tom Waits,Tom Waits,Martha,Martha,complainer,,87,
2825e707-8892-416c-a527-9ef44335529a,David Dundas,David Dundas,Advertisement for Kenco Coffee,Logo Reveal (a),defendant,,87,
21fb1452-8a73-47b3-a049-5b6bd4598199,Cyril Verge,Cyril Neville,It's a Brand New World,Brand New Blues,complainer,,86,
261a83d5-a408-45a2-80ee-d0381bb748ae,Steven Benderoth,Eino & DJ Kapelimestari,Hockey Night Theme,Hockey Night,defendant,,86,
14dd9a15-59e2-411c-843f-c9dfe5f3ae55,Laura Siskind,Laura Voutilainen,Take a Chance on Love,Take a Chance,complainer,,85,
a26dd44c-c201-4369-95a9-4cf487d6316a,Olivia Newton-John,Olivia Newton‐John,Take a Chance,Take A Chance (Remastered 2021),defendant,,85,
8d739155-c581-4ae2-9243-8e668a4d0f2a,Leslie Baxter,Les Baxter,Joy,"Joy, Joy, Joy",complainer,,84,
16ad6804-7ddb-41c6-9de7-e6389930ceb8,John Williams,John Mauceri & Hollywood Bowl Orchestra,Theme from 'E.T.',"John Williams: Flying Theme (From ""E.T. the Extra-Terrestrial"")",defendant,,84,
05007cac-ab74-4df0-9ad9-ca9381f6a449,Marvin Fisher and Jack Segal,Jack Webb,When Sunny Gets Blue,When Sunny Gets Blue,complainer,,83,
c33de1b7-3877-4a77-9086-7d12f7544aef,Rick Dees,"Rick Dees, Danny Gans",When Sonny Sniffs Glue,When Sonny Sniffs Glue,defendant,,83,
c16574db-8b2e-468f-ae12-7151a0c628cf,John Benson,George Benson,Don't Cha Know,Don’t Know Why,complainer,,82,
0dd63ab7-79ca-46d5-bcf2-287b80f28610,Coca-Cola Company,[soundtrack],I'd Like to Buy the World a Coke,I’d Like to Buy the World a Coke,defendant,,82,
2924144e-f443-4a9a-9560-058204529f0c,Steve Karmen,[no artist],Budweiser Beer Commercial (1970s),Budweiser Commercial,complainer,,81,
c2564127-4342-430d-b170-36905a177aa9,Gavin Spencer,[no artist],Budweiser Beer Commercial (1985),Budweiser Commercial,defendant,,81,
09062bc6-f1c9-4920-b09c-91b7abfa3bfc,William Dixon,Willie Dixon,I Need Love,You Need Love,complainer,,80,
9d9c8206-8b4c-45fc-8f12-ffc1940b2b7f,Led Zeppelin,Led Zeppelin,Whole Lotta Love,Whole Lotta Love,defendant,,80,
342f7677-2afe-4840-b1d3-d583e5df824a,David Lawson,Steve Lawson,Channel 4 Jingle,Channel Surfing,complainer,,79,
91496f27-9402-4476-bfa3-ee83068b35c6,David Dundas,David Dundas,Channel 4 Jingle,Jeans On,defendant,,79,
0b6dd212-0617-4281-8e8d-f07cefd8850f,Isaac Hayes,Isaac Hayes,The Theme From Shaft,Theme From Shaft,complainer,,78,
efa104ed-c422-485d-867f-87f87f2e38a9,Benton and Bowles,Canned Heat,TV Ad for Schlitz Beer,Schlitz Beer,defendant,,78,
916085d7-ae93-407c-a2ad-924e16d7c390,Howard Leslie Pendleton,Pendleton,Just a Blue Box,A Commitment and a Vow,complainer,,77,
8754c48b-0a2d-4555-be1e-3ab13b8c202f,Elizabeth Jane Anderson,Elizabeth Morris,Mama’s Shoe Box,Shoe Box,defendant,,77,
2fbb8a2f-4b9b-4a05-8fb9-7f7430ae6ea5,Ronald Selle,Ronald Ruck,Let It End,End,complainer,,76,
3152a45d-f222-4fe1-98ba-c57fd718375a,Barry Gibb et al.,Barry Gibb,Barry Gibb et al.,How Can You Mend a Broken Heart (Barry Gibb version),defendant,,76,
930e432f-d26e-4981-968e-2ed1f3e5f8fa,Ivan Gondos,Ivan Ilić,Variations,"L'Art de varier ou 57 Variations pour le piano, op. 57: Variations 22-26",complainer,,75,
5b75bb48-f230-4610-88be-53d8d9f808b7,"Hagood Hardy, Rudy and Jerry Toth",Hagood Hardy,"The Homecoming, Moment of Love",The Homecoming,defendant,,75,
d6dee96d-8d52-4945-932e-7921985fa088,Philip J. Lipari,J-REXXX,Kept on Singing,SINGING SINGING,complainer,,74,
3bb0afe6-174b-41f5-9a75-c32eb9a751e0,Danny Janssen and Bobby Hart,Bettman & Halpin,Keep on Singing,Keep on Singing,defendant,,74,
5ba36862-9747-4015-9070-7b3202a3e5e2,Pantelis Ghinnis,K. Konitopoulos & Chorus,Dirlada,Dirlada (Dirlada),complainer,,73,
210254ae-fc86-442b-ab44-e1631369e116,Juan Bastos,Juan Bastos,Loop Di Love,Loop Di Love,defendant,,73,
9625124d-f30f-4218-bafb-38b77dcd5091,Steve Karman,Steve Lippia,I Love New York (advertising jingle),"New York, New York",complainer,,72,
6b85293c-0811-4c1f-8a22-561a9a1e7533,National Broadcasting Company,Public Service Broadcasting,National Broadcasting Company,Broadcasting House,defendant,,72,
3e862f11-9d2d-4142-a96a-4a5544d17b8b,Harry Warren,Harry Warren,The Boulevard of Broken Dreams,Boulevard of Broken Dreams,complainer,,71,
d7ed4ef4-6363-4e65-aaf9-26b86bc72b90,Doumei Suzuki,Brenda Lee,One Rainy Night in Tokyo,One Rainy Night in Tokyo,defendant,,71,
1bf9281d-28d9-4233-9099-b4b270d87c48,Anonymous,Li'l Wally,Holiday Polka,Polka Holiday,complainer,,70,
1bf9281d-28d9-4233-9099-b4b270d87c48,Anonymous,Li'l Wally,Holiday Polka,Polka Holiday,defendant,,70,
6cc5a932-c033-4435-8585-9cce36738c1d,Stephen Schwartz,[unknown],Day by Day,Godspell (Stephen Schwartz) Day by day Robin Lamont & Company,complainer,,69,
c8da4e19-7b1d-47ab-822e-4f03aee6438e,Ray Ellis,Jazz at Lincoln Center Orchestra with Wynton Marsalis,"Theme for N.B.C.'s ""Today Show""",C. B.'s Theme,defendant,,69,
bdcaf4c5-caac-4144-be79-c8eac20bd263,Wilma Ferguson,Eddie Cochran,Jeannie Michele,"Jeannie, Jeannie, Jeannie",complainer,,68,
730c647f-6a43-4498-a1ad-f86734fdd41d,John Williams,John Williams,"Theme from ""A Time to Love""","Love Theme From ""Heidi""",defendant,,68,
010e1c93-7101-4037-a966-507d5104f690,Don Raye and Hughie Prince,Hughie Prince & Don Raye,Boogie Woogie Bugle Boy,Boogie Woogie Bugle Boy,complainer,,67,
c1b3fd83-f4b3-4b54-93f6-1a5a3cb1b454,Earl Wilson and Billy Cunningham,"Earl Wilson, Jr.",The Cunnilingus Champion of Co. C,The Cunnilingus Champion of Company C,defendant,,67,
a778bb8b-5523-4d79-bb1a-f890a5372ed3,Leon Pober,Leon Pober,Tiny Bubbles,Tiny Bubbles,complainer,,66,
f40bc05c-2898-4c5e-93fc-03a467f21c47,Ernest Gold,Ernest Gold,Hiding the Wine,Hiding the Wine,defendant,,66,
da95adb3-3099-4218-a57f-821cd625cdb0,Ronald Mack,Lonnie Mack,He's So Fine,You're So Fine,complainer,,65,
a14e1c73-d0a8-41b5-9726-bad6b7f777ba,George Harrison,Claudio Nuñez,My Sweet Lord,My Sweet Lord (Harrison),defendant,,65,
65dd297d-54dd-4aef-a84f-5240049aaea7,Armando Sciascia,Armando Sciascia,Sogno Nostalgico,Tiger,complainer,,64,
e5494859-e5a2-4ae2-8e84-784816c5b059,Jack Trombey,Jack Trombey,Girl in the Dark,Dark Forest,defendant,,64,
72ea10c2-67ee-4bb7-8be7-4d1ac30e239c,Ruth Stratchborneo,Les Sexareenos,MOJO Workout,Mojo Workout,complainer,,63,
edac13c8-92b4-4528-b0b2-e0389fcba497,McKinley Morganfield,Stampeders,Got My Mojo Working,Got My Mojo Working (Mojo),defendant,,63,
09c25541-4f29-4745-a467-212d6ed6a1de,Wilhelm Kienzl,Wilhelm Kienzl (piano),O schöne Jugendtage,"Der Evangelimann: „Selig sind, die Verfolgung leiden”",complainer,,62,
f296f33c-5d06-44ff-ba03-14c44227551f,Gerhard Wendland,Gerhard Wendland,Tanze mit mir in den Morgen (Mitternachtstango),Tanze mit mir in den Morgen (Mitternachtstango),defendant,,62,
5092b34a-6a5f-4c0c-b26c-307661cb47bb,Gus Kahn et al.,Al Jolson,"Toot, Toot, Tootsie","Toot, Toot, Tootsie",complainer,,61,
356aaa88-93cf-4996-9d88-28b5181e4714,Gene Sayet & Sidney Feldman,Al Jolson & Eddie Cantor,"Toot, Toot, Tootsie","Toot, Toot, Tootsie",defendant,,61,
2542bfd5-095e-4211-b560-601631969620,GEMA / Franz Josef Breuer,Heino,Schwarzbraun ist die Haselnuss,Schwarzbraun ist die Haselnuss,complainer,,60,
fed8651b-965b-4541-b18d-251997f709ce,,Wayra Nan,,Qapaq Nan,defendant,,60,
55bd5d1b-fdca-4773-8139-4732de50b1f2,"Lorenzo Pack, Harper Evans",Faith Evans,I'm Afraid,Don't Be Afraid,complainer,,59,
ca8de7c5-3c08-4127-88f0-fe23eba28eb7,"Eddie Holland, Brian Holland, Lamont Dozier",Holland-Dozier-Holland.,Baby Love,Send You Can't Hurry Love to Cell Phone,defendant,,59,
a2911b7b-bee2-409c-8358-11af480b8c0c,Frank Nordstrom,Open Mind,Mizpah or Shalom,Mizpah,complainer,,58,
0b2b7bfd-ff0c-403b-9582-2f322bbc5527,Jerry Herman,Jerry Herman,Shalom,Shalom,defendant,,58,
3d46cc7d-d0e2-477f-8762-d62ed23cba81,Patricia Smith and Don Fenton,Patricia Smith,SUPERCALAFAJALISTICK ESPEEALADOJUS,[untitled],complainer,,57,
80a2a573-a6f2-4f68-ab26-fda3099d9d2d,Robert Sherman,Richard M. Sherman,SUPERCALIFRAGILISTIC EXPIALIDOCIOUS,Supercalifragilistic,defendant,,57,
a92fd081-814e-4039-8e81-e57ae19649df,James Sheppard and William Miller,Santo & Johnny,A Thousand Miles Away,A Thousand Miles Away,complainer,,56,
7e340c7d-a32b-4ae4-b748-5b1aab1866bb,James Sheppard and William Miller,James Newton Howard,Daddy's Home,Daddy’s Home,defendant,,56,
bbd17759-c966-4b8e-91c6-af68003b0a2d,Irving Berlin,Irving Berlin,A Pretty Girl is Like a Melody,A Pretty Girl is Like a Melody,complainer,,55,
184c92b1-011b-418b-905e-1623ac247df1,Frank Jacobs and Larry Siegel,Larry Wish,Louella Schwartz Describes Her Malady,Malady,defendant,,55,
bc7de23a-9164-4c21-83d7-503beeb0e641,Mabel Wayne,Erroll Garner,In a Little Spanish Town,In a Little Spanish Town,complainer,,54,
7275e448-5902-44f5-9306-97a136b46db7,Peter de Angelis,Les Petits Chanteurs De Saint-Marc,Why,De Angelis,defendant,,54,
44fbca55-5679-4ad3-89b0-68200ef9f645,Lionel Walters,Lord Tanamo,Iron Bar,Iron Bar,complainer,,53,
1131c017-fb3b-4242-abbe-810ecc185a93,Erving Burgie,Edward Simoni,Jamaica Farewell,Jamaica Farewell (Jamaica),defendant,,53,
6838a4d3-af28-43c1-8af3-0c030a62be2c,Fred Spielman,Quirin Amper Jr. & Fred Strittmatter,Rendezvous,Chasing Situations: Rendezvous,complainer,,52,
5714cf31-e35a-427a-924a-669cf6ea069f,Charles Green,the brilliant green,I Dreamed,I NEVER DREAMED,defendant,,52,
25ce13e7-d82c-4d41-8865-3d71287c0082,Homer Cholvin and Norman Stade,Paul Whiteman & His Orchestra,When the Sun Bids the Sky Goodnight,When the Sun Bids the Moon Goodnight,complainer,,51,
c1234e7e-4a16-4b34-8ddd-d760ce471cd7,Kaczmarek,Sara Indrio,While We Dream,While we Dream,defendant,,51,
9747c28c-97af-40f2-92de-765d6caf55ea,I.B. Sergei (Wihtol),Reverorum ib Malacht,My God and I,God Is,complainer,,50,
752113d1-7f18-451f-920b-d1ea59b27b7c,Kenneth H. Wells,Emily Wells,My God and I,Oh My God I Miss You,defendant,,50,
ab00bf2f-248c-49ac-bd92-1109e52bf04c,Leonard Smith,[unknown],Proposed Advertising Jingle for Muehlebach Beer,Advertising Jingle,complainer,,49,
7e1bb150-6777-4726-accd-05d80ab07ee6,Muehlebach Brewing,Archipelago Brewing Company,Time for Muehlebach,Child of God,defendant,,49,
6f37eed1-00b9-4f72-95f3-448b72d27063,Donald Irwin Robertson,Don Robertson,The Happy Whistler,Happy Whistler,complainer,,48,
257ac470-875f-43bc-8c26-dd60064d7596,"Song Ads, Inc.",CCC Inc,Ad for San Francisco Brewing Company,San Francisco Bay,defendant,,48,
75447565-46d4-475c-aeb5-8ee968fc78f7,Issachar Miron & Julius Grossman,Joe & Eddie,"Tzena, Tzena","Tzena, Tzena, Tzena",complainer,,47,
75447565-46d4-475c-aeb5-8ee968fc78f7,Issachar Miron & Julius Grossman,Joe & Eddie,"Tzena, Tzena","Tzena, Tzena, Tzena",defendant,,47,
0039b5cc-6125-4a77-8973-259249b467d6,Walter Schumann,Walter Schumann,"Theme for TV show ""Dragnet""",Dragnet,complainer,,46,
0c7ebe8e-f201-43c8-8057-655a5514a3d7,Miklos Rozsa,Miklós Rózsa,"Theme for 1946 movie, ""The Killers""",The Killers 1946,defendant,,46,
4a59d8b1-5bb9-44ef-9e19-8d35124712b3,Robert Overman,Overman,Wonderful You,I Don't Need You,complainer,,45,
d8bb4c2a-8990-4420-a3d9-22d491bf499d,Frank Loesser,Hot Club de Frank,On a Slow Boat to China,On a Slow Boat to China,defendant,,45,
02bc972b-50e8-4c45-bdaf-53c8ea48a038,Guy B. Wood and Sol Marcus,Lucky Millinder and His Orchestra,Tonight He Sailed Again,Tonight He Sailed Again,complainer,,44,
bd2dae80-5d60-4888-ae86-c51f8e139ff0,Henry B. Glover,Clarence Henry,"I Love You, Yes I Do","I Love You, Yes I Do",defendant,,44,
4e937217-8488-48b9-93c4-6ed2165fe4da,Thelma Jones,Jack Jones,Just an Old Fashioned Mother and Dad,I’m Old Fashioned,complainer,,43,
692dc283-c0d9-4b07-8c2d-ae591f95555a,Francis Craig,Francis Craig,Near You,Near You,defendant,,43,
00b156c2-3b64-4f4a-80a9-0150f7e9d2e5,Meade Lewis,Meade Lux Lewis,Yancey Special,Yancey Special,complainer,,42,
f1551f14-1487-43ee-bf4d-64a17d519857,Alphonso Tompkins and Lewis Simpkins,Laurie Lewis,Long Gone,Long Gone,defendant,,42,
b0cc40d1-a127-4bdc-8d02-27e6cb0f5ed8,Mohammed H. Kahn,Thomas Kahn,Victory Calypsoes,Victory,complainer,,41,
4c8c2ec3-b7c3-42a0-9dca-717deba6ffcd,Leo Feist,Jeri Sullivan,Rum and Coca-Cola,Rum and Coca-Cola,defendant,,41,
c81d195b-cecb-4a2d-85dd-7d0b59f3d594,Lionel Belasco and Massie Patterson,Calypso Rhythm Kings,L'Annee Passee,L'Année Passée,complainer,,40,
4c8c2ec3-b7c3-42a0-9dca-717deba6ffcd,Jeri Sullivan and Paul Baron,Jeri Sullivan,Rum and Coca-Cola,Rum and Coca-Cola,defendant,,40,
66e18207-a2d0-44fb-a0d8-cb361dcc399b,Hajdu Imre (Heim),Hot Jazz Band,Ma Este Meg Boldog Vagyok,Ma este még boldog vagyok,complainer,,39,
81cebf67-bd72-47c0-b284-da5567015de5,Aldo Franchetti,Doris Day,Perhaps,"Perhaps, Perhaps, Perhaps",defendant,,39,
084604cb-ebd5-4a03-a9a5-c6afa6076ee8,Ira Arnstein,One Fine Day,Modern Messiah,Modern Messiah,complainer,,38,
af7f7a7e-49f5-4221-af69-bf9526e8c178,Cole Porter,Cole Porter,Don't Fence Me In,Don't Fence Me In,defendant,,38,
167065fa-2056-4ce0-a564-1d40de004784,Louis Ricca,Bill Black's Combo,Carnival in Cotton Town,Cotton Carnival,complainer,,37,
d4366735-2038-4c6e-aaec-7ecf045886b1,Roger Edens,Roger Whittaker,Drummer Boy,Little Drummer Boy,defendant,,37,
300f1a38-72e0-45d8-855a-7a9050545002,Samuel Brodsky,Brodsky Quartet,Prelude in A Major,Prelude,complainer,,36,
e4027ef5-db6d-49b5-92d5-5ca20e2f9395,Hans Salter,Hans Hollestelle,Bad Lands of Dakota,Dakota,defendant,,36,
b49f1794-cd99-440c-884e-aa8a470d260b,Edward B. Marks,Ian McNabb,December and May,May and December,complainer,,35,
fed8651b-965b-4541-b18d-251997f709ce,,Wayra Nan,,Qapaq Nan,defendant,,35,
019ad5e5-5b52-405f-921b-6ab05b450b6a,Allamae Britton Gingg,Anita O’Day,There'll Never Be Another You,There'll Never Be Another You,complainer,,34,
9e0ebb40-d135-4a2e-b930-4abd1909299b,Mack Gordon and Harry Warren,Harry Warren & Mack Gordon,There Will Never Be Another You,There Will Never Be Another You,defendant,,34,
5f8d76bf-16f1-4d31-b93e-393fe493aa88,Ira Arnstein,Glenn Miller,Kalamazoo,Kalamazoo,complainer,,33,
f8239e5a-3300-4b94-9775-2f39e0aefa97,Harry Warren,Harry Roy & His Band,I've Got a Gal in Kalamazoo,I’ve Got a Gal in Kalamazoo,defendant,,33,
1e733cca-a882-46aa-9c85-a52ba0cf6daa,Ira Arnstein,Ira Kaspi,Whisper to Me,Soft Whisper,complainer,,32,
7d9133b8-a460-4894-93a6-740826ffa941,Hy Zaret et al.,Hy Zaret,It All Comes Back to Me Now,Unchaine Melody,defendant,,32,
0a367013-d576-41cd-af51-25446d5e509d,Joseph McMahon,Willi Carlisle,In Sunny Kansas,Bright Sunny Kansas,complainer,,31,
0b92bf82-d884-4244-a172-c529dde6c534,John Openshaw,Fritz Kreisler,Love Sends A Little Gift of Roses,Openshaw Love Sends a Little Gift of Roses,defendant,,31,
74cfffe3-6eec-446a-8113-6fa00746cb26,Evelyn Carew,Badtown Boys,Chatterbox,Chatterbox,complainer,,30,
f805a60d-ceb8-4601-b0d6-ee276ec81790,Jerome Brainan,Sid Vicious,Chatterbox,Chatterbox,defendant,,30,
1da73cc4-c6f6-4aef-8c60-43fba6dd5f96,Silvano D. Ramos,Joan Blasco,Allà en el Rancho Grande,Allá en el rancho grande,complainer,,29,
1da73cc4-c6f6-4aef-8c60-43fba6dd5f96,Anonymous,Joan Blasco,Allà en el Rancho Grande,Allá en el rancho grande,defendant,,29,
37c76085-88f7-4b26-9b79-8861f0da3b35,Wadsworth Doster,Herbie Mann,Old Eli,Eli Eli,complainer,,28,
ab1f3063-ec11-4c97-9ba2-ee9dbe0d8fd2,Frank Churchill,Frank Churchill,Someday My Prince Will Come,Someday My Prince Will Come,defendant,,28,
fd0fc1e4-e159-4239-8f59-20d5f61ab28c,Joseph Davila,Joseph Isaacs,If I were a Spider...,If I Were the Wind,complainer,,27,
16d4b644-aaf4-4040-bb01-030a669d3cd2,Sigmund Romberg,Sigmund Romberg,Desert Song,Desert Song: Desert Song Waltz,defendant,,27,
2ccf5554-72ce-4127-abff-e47fb5000937,Jack Darrell,Nudge Squidfish,Does Anybody Want a Little Kewpie,Does Anybody Want A Little Love?,complainer,,26,
674e494f-8a8e-4593-b63f-8cb7022eed09,"Sherman, Meskill, and Silver",Jimmie Lunceford and His Orchestra,On the Beach at Bali-Bali,On the Beach at Bali-Bali,defendant,,26,
1e733cca-a882-46aa-9c85-a52ba0cf6daa,Ira Arnstein,Ira Kaspi,Whisper to Me,Soft Whisper,complainer,,25,
b2757722-6cf6-4faa-9713-56cbcc1ced00,Joe Burke,Joe Burke,My Wishing Song,My Darling Asleep / Cailleach an Airgid (jigs),defendant,,25,
2524633f-c0d2-473d-ba06-6800489afb6e,Hortense Hirsch,Hortense Ellis,Lady of Love,Groovy Kind of Love,complainer,,24,
7b495d6b-92e7-4be7-ae3b-6c6737920e76,Harry Revel,Gary Lewis and the Playboys,Without a Word of Warning,Without a Word of Warning,defendant,,24,
b0cc3ad5-a566-4221-9200-75e33571b08e,N. Lindsay Norden (arranger),St. Petersburg Chamber Choir,O Gladsome Light,O Gladsome Light,complainer,,23,
a012269c-9ea3-427f-a6a4-7e42bf4cbdda,Anonymous arranger,Novospassky Monastery Male Choir,O Gladsome Light,"O, Gladsome Light",defendant,,23,
c95e4224-f08b-433f-a6d5-e7e5372ad8bb,Ira Arnstein,Ira B. Liss Big Band Jazz Machine,I Love You Madly,Love You Madly,complainer,,22,
30abcd71-68b2-458e-b279-9d768bedb284,Emery Deutsch and Arthur Altman,Ray Noble and His Orchestra & Al Bowlly,"Play, Fiddle, Play","Play, Fiddle Play",defendant,,22,
4b53aa84-37d6-44ce-9a35-11f45f8bfa99,W.A. (Bud) Wilkie,Lester Flatt & Earl Scruggs,Confessing,Confessing,complainer,,21,
86e5615e-e5af-4c0d-b90a-c8782a7a95ec,Bernice Petkere,Bernice,Starlight,Pacemaker,defendant,,21,
65d73d9a-a893-465f-a4f4-96da9c76fcc1,Charles Francis Park,Candis Francis,What are Your Intentions?,Good Intentions,complainer,,20,
38071f57-d319-4240-8a31-387067f6e3df,"Harry Warren, Al Dubin",Al Dubin & Harry Warren,What are Your Intentions?,We're in the Money,defendant,,20,
eab3870e-ebf0-45ea-84bd-2e3db1ac2abb,Ira Arnstein,Ira Losco,Light My Life With Love,My Life,complainer,,19,
23e5b27c-25d4-4921-ac0b-c96978cad9c8,Nathaniel Shilkret,Nathaniel Shilkret,Lady Divine,Trailer Opening / Trailer Finale,defendant,,19,
5e226ea5-d555-4a7f-973b-6ffb7c923035,Anonymous,Charles Atkins & The Blues Boys,St. James' Infirmary,James Infirmary,complainer,,18,
884049ba-2b58-40e0-9303-b37fb92dc89f,Anonymous,Dave Van Ronk,St. James' Infirmary or Gambler's Blues,Gambler's Blues/St. James Infirmary,defendant,,18,
36e2150e-2451-40fc-a815-487c595f354a,Paolo Citorello,Dean Martin,Luna Mezzo Mare,Luna Mezzo Mare,complainer,,17,
04a6cb77-3d1e-4e8d-9526-cb82b085c9c9,A. A.Galasso,A★Teens,Mamma Mia M'ha Maritan,Mamma Mia,defendant,,17,
a27257b9-7b31-4f4b-9edc-7a3526cc3107,Felix Bernard & Johnny Black,Felix Bernard & Johnny Black,Dardanella,Dardanella,complainer,,16,
8866cac0-8845-4164-8336-0a6b786098bf,Jerome Kern,Jerome Kern,Ka-lu-a,A Little Thing Like a Kiss,defendant,,16,
2efbc9f0-d272-4347-a449-5524f59007b4,Paul Linke,Ross Ainslie,Wedding Dance Waltzes,Wedding Waltzes,complainer,,15,
29f421de-9e62-4105-8a89-5a57cc603018,H. Pitman Clarke,Charles Hart & Elliott Shaw,Swanee River Moon,Swanee River Moon,defendant,,15,
36b7bcde-234e-4774-a212-491a8200dda2,Silvio Hein,Billy Murray,Maria Cahill's Arab Love Song,Arab Love Song,complainer,,14,
cb36c66c-0d41-4847-a887-9073c80b8e7f,Joseph Howard,lots of hands,I Think I Hear a Woodpecker,i think i hear a woodpecker,defendant,,14,
5d19df2c-6287-4826-9c96-230e4e6dc0b4,John Gay,John Gay,"Themes from opera ""Polly""","The Beggar's Opera: Act I. Air. ""Pretty Polly, say"" (Macheath, Polly)",complainer,,13,
5d19df2c-6287-4826-9c96-230e4e6dc0b4,John Gay,John Gay,"Themes from opera ""Polly""","The Beggar's Opera: Act I. Air. ""Pretty Polly, say"" (Macheath, Polly)",defendant,,13,
b8f7ab08-5ec8-4a61-a5af-e36bbff5b988,"Alcide Nunez, Ray Lopez",Bunny Berigan and His Orchestra,Livery Stable Blues,Livery Stable Blues,complainer,,12,
fed8651b-965b-4541-b18d-251997f709ce,,Wayra Nan,,Qapaq Nan,defendant,,12,
a0a18d16-1bc9-4c7b-a51a-852f89050458,William Cahalin,Human Weapon,You Will Never Know ...,... You Will Never Know,complainer,,11,
3a46d61e-da85-4201-9a15-16733aab7a8a,Al Piantadosi,Gerri Gribi,I Didn't Raise My Boy to be a Soldier,I Didn't Raise My Boy to Be a Soldier,defendant,,11,
b3e6cb1f-55f1-4269-9ae0-b9bc80246aa2,Charles Marshall,Charles Harrison,I Hear You Calling Me,I Hear You Calling Me,complainer,,10,
2c451370-3c11-4735-b57a-0345e7426c5f,Jeff Godfrey,Jeff Brown & Still Lonesome,"Tennessee, I Hear You Calling Me",Virginia I Hear You Calling Me,defendant,,10,
78e586c5-cef0-4181-be24-d062fd28118c,W.M.Cooper,Ralph Stanley & The Clinch Mountain Boys,Never Turn Back,"Turn Back, Turn Back",complainer,,9,
30b0f560-4f0c-46f9-8c4c-cd116cfc5f21,Joseph James,R. H. Harris & The Evening Kings,Never Turn Back,Never Turn Back,defendant,,9,
785acfc8-7b45-459e-84e6-ee77a069a742,Adam Geibel,Adam Geibel,Kentucky Babe,Called to Serve,complainer,,8,
fec2720c-1387-4cfa-b7f1-f80a275860ff,Adam Geibel,Criterion Male Quartet,Little Cotton Dolly,Little Cotton Dolly,defendant,,8,
ec50de96-6c83-4364-9542-9f94335b2f6f,"Alice M. Davis (""Hope Temple"") and Frederick Wetherley",Compos Mentis,"""My Lady's Bower""",Lady's Bower,complainer,,7,
648414d8-e9c1-444f-9d5f-853363b8cc16,Player piano rolls produced by defendant Whight,Player Piano,,Und3rgr0und,defendant,,7,
174a8b21-c778-4432-b060-2f847dae2e7b,Bert A. Williams,Skillet Licorice,Dora Dean,Dora Dean,complainer,,6,
f4ec2058-9f64-418f-a93d-1457a6e5bc06,Charles Sidney O'Brien,Gaslight Radio,Ma Angeline,"Angeline, Angeline",defendant,,6,
ce269c45-ea73-4004-a8c9-9d3d893d56bc,Harry Kennedy,Harry Gregson‐Williams,Cradle’s Empty Baby’s Gone,Gone Baby Gone,complainer,,5,
fed8651b-965b-4541-b18d-251997f709ce,,Wayra Nan,,Qapaq Nan,defendant,,5,
5555e368-6699-4b29-ae8c-efebbe1dcd93,Fannie Beane,Seth Kallen & Melody Gardot,My Own Sweet Darling,My Sweet Darling,complainer,,4,
bca841c6-cd74-444d-82ba-8dbb9ef38767,W.D.Hendrickson,Wings,Call Me Back Again,Call Me Back Again,defendant,,4,
99ebbdba-5ae6-4bd6-9d1d-f829d90d196f,Anonymous,Polka Family,Serious Family Polka,Clarinet Polka,complainer,,3,
99ebbdba-5ae6-4bd6-9d1d-f829d90d196f,Anonymous,Polka Family,Serious Family Polka,Clarinet Polka,defendant,,3,
36d30e3d-88d7-4488-a870-08a2f5efaa2f,"Michael Balfe, arranged by Francis Brown",Lorne Balfe,"""Alethia Waltz"", based on a theme from Michael Balfe's ""The Bohemia Girl""",Main Theme (Lorne Balfe),complainer,,2,
fed8651b-965b-4541-b18d-251997f709ce,,Wayra Nan,,Qapaq Nan,defendant,,2,
467a2a56-8514-4d58-9f1e-7cbcb173d241,Henry Russell,Hylo Brown,The Old Arm Chair,The Old Arm Chair,complainer,,1,
6744d055-c3de-42e9-8982-755d5fd9653d,Samuel Carusi,Williamson Brothers and Curry,The Old Arm Chair,The Old Arm Chair,defendant,,1,
d38e9f6a-1720-4584-ae0c-d03adfe03c8a,W.J. Wetmore,Azure Blue,The Cot Beneath the Hill,Beneath the Hill,complainer,,0,
788c2891-7300-436d-87a0-bb0a950585e2,W. J. Wetmore,Wolfarian,The Cot Beneath the Hill,Beneath the Hill,defendant,,0,
